wordform,lemma
ааммыт,аан
аана,аан
ааннаах,аан
ааннаахтарга,аан
ааннар,аан
ааннара,аан
ааннарбыт,аан
ааннарбытын,аан
ааннарга,аан
ааннардаах,аан
ааннардаахxа,аан
ааннартан,аан
ааннары,аан
ааннарым,аан
ааннарын,аан
аантан,аан
ааны,аан
ааным,аан
аанын,аан
ааптара,ааптар
ааптарбыт,ааптар
ааптарга,ааптар
ааптардаах,ааптар
ааптардаахтарга,ааптар
ааптардар,ааптар
ааптардара,ааптар
ааптардарбыт,ааптар
ааптардарбытын,ааптар
ааптардарга,ааптар
ааптардардаах,ааптар
ааптардардаахxа,ааптар
ааптардартан,ааптар
ааптардары,ааптар
ааптардарым,ааптар
ааптардарын,ааптар
ааптартан,ааптар
ааптары,ааптар
ааптарым,ааптар
ааптарын,ааптар
ааҥҥа,аан
айаммыт,айан
айана,айан
айаннаах,айан
айаннаахтарга,айан
айаннар,айан
айаннара,айан
айаннарбыт,айан
айаннарбытын,айан
айаннарга,айан
айаннардаах,айан
айаннардаахxа,айан
айаннартан,айан
айаннары,айан
айаннарым,айан
айаннарын,айан
айантан,айан
айаны,айан
айаным,айан
айанын,айан
айаҥҥа,айан
аймахxа,аймах
аймахпыт,аймах
аймахтаах,аймах
аймахтаахтарга,аймах
аймахтан,аймах
аймахтар,аймах
аймахтара,аймах
аймахтарбыт,аймах
аймахтарбытын,аймах
аймахтарга,аймах
аймахтардаах,аймах
аймахтардаахxа,аймах
аймахтартан,аймах
аймахтары,аймах
аймахтарым,аймах
аймахтарын,аймах
аймаҕа,аймах
аймаҕы,аймах
аймаҕым,аймах
аймаҕын,аймах
айылҕабыт,айылҕа
айылҕалаах,айылҕа
айылҕалаахтарга,айылҕа
айылҕалар,айылҕа
айылҕалара,айылҕа
айылҕаларбыт,айылҕа
айылҕаларбытын,айылҕа
айылҕаларга,айылҕа
айылҕалардаах,айылҕа
айылҕалардаахxа,айылҕа
айылҕалартан,айылҕа
айылҕалары,айылҕа
айылҕаларым,айылҕа
айылҕаларын,айылҕа
айылҕам,айылҕа
айылҕаны,айылҕа
айылҕата,айылҕа
айылҕаттан,айылҕа
айылҕатын,айылҕа
айылҕаҕа,айылҕа
арыыбыт,арыы
арыыга,арыы
арыылаах,арыы
арыылаахтарга,арыы
арыылар,арыы
арыылара,арыы
арыыларбыт,арыы
арыыларбытын,арыы
арыыларга,арыы
арыылардаах,арыы
арыылардаахxа,арыы
арыылартан,арыы
арыылары,арыы
арыыларым,арыы
арыыларын,арыы
арыым,арыы
арыыны,арыы
арыыта,арыы
арыыттан,арыы
арыытын,арыы
атыммыт,атын
атына,атын
атыннаах,атын
атыннаахтарга,атын
атынтан,атын
атыны,атын
атыным,атын
атынын,атын
атыттар,атын
атыттара,атын
атыттарбыт,атын
атыттарбытын,атын
атыттарга,атын
атыттардаах,атын
атыттардаахxа,атын
атыттартан,атын
атыттары,атын
атыттарым,атын
атыттарын,атын
атыҥҥа,атын
ахсааммыт,ахсаан
ахсаана,ахсаан
ахсааннаах,ахсаан
ахсааннаахтарга,ахсаан
ахсааннар,ахсаан
ахсааннара,ахсаан
ахсааннарбыт,ахсаан
ахсааннарбытын,ахсаан
ахсааннарга,ахсаан
ахсааннардаах,ахсаан
ахсааннардаахxа,ахсаан
ахсааннартан,ахсаан
ахсааннары,ахсаан
ахсааннарым,ахсаан
ахсааннарын,ахсаан
ахсаантан,ахсаан
ахсааны,ахсаан
ахсааным,ахсаан
ахсаанын,ахсаан
ахсааҥҥа,ахсаан
аҕабыт,аҕа
аҕалаах,аҕа
аҕалаахтарга,аҕа
аҕалар,аҕа
аҕалара,аҕа
аҕаларбыт,аҕа
аҕаларбытын,аҕа
аҕаларга,аҕа
аҕалардаах,аҕа
аҕалардаахxа,аҕа
аҕалартан,аҕа
аҕалары,аҕа
аҕаларым,аҕа
аҕаларын,аҕа
аҕам,аҕа
аҕаны,аҕа
аҕата,аҕа
аҕаттан,аҕа
аҕатын,аҕа
аҕаҕа,аҕа
баайа,баай
баайбыт,баай
баайга,баай
баайдаах,баай
баайдаахтарга,баай
баайдар,баай
баайдара,баай
баайдарбыт,баай
баайдарбытын,баай
баайдарга,баай
баайдардаах,баай
баайдардаахxа,баай
баайдартан,баай
баайдары,баай
баайдарым,баай
баайдарын,баай
баайтан,баай
баайы,баай
баайым,баай
баайын,баай
баартыйабыт,баартыйа
баартыйалаах,баартыйа
баартыйалаахтарга,баартыйа
баартыйалар,баартыйа
баартыйалара,баартыйа
баартыйаларбыт,баартыйа
баартыйаларбытын,баартыйа
баартыйаларга,баартыйа
баартыйалардаах,баартыйа
баартыйалардаахxа,баартыйа
баартыйалартан,баартыйа
баартыйалары,баартыйа
баартыйаларым,баартыйа
баартыйаларын,баартыйа
баартыйам,баартыйа
баартыйаны,баартыйа
баартыйата,баартыйа
баартыйаттан,баартыйа
баартыйатын,баартыйа
баартыйаҕа,баартыйа
барыбыт,бары
барыга,бары
барылаах,бары
барылаахтарга,бары
барылар,бары
барылара,бары
барыларбыт,бары
барыларбытын,бары
барыларга,бары
барылардаах,бары
барылардаахxа,бары
барылартан,бары
барылары,бары
барыларым,бары
барыларын,бары
барым,бары
барыны,бары
барыска,барыс
барыспыт,барыс
барыстаах,барыс
барыстаахтарга,барыс
барыстан,барыс
барыстар,барыс
барыстара,барыс
барыстарбыт,барыс
барыстарбытын,барыс
барыстарга,барыс
барыстардаах,барыс
барыстардаахxа,барыс
барыстартан,барыс
барыстары,барыс
барыстарым,барыс
барыстарын,барыс
барыта,бары
барыттан,бары
барытын,бары
барыһа,барыс
барыһы,барыс
барыһым,барыс
барыһын,барыс
баҕабыт,баҕа
баҕалаах,баҕа
баҕалаахтарга,баҕа
баҕалар,баҕа
баҕалара,баҕа
баҕаларбыт,баҕа
баҕаларбытын,баҕа
баҕаларга,баҕа
баҕалардаах,баҕа
баҕалардаахxа,баҕа
баҕалартан,баҕа
баҕалары,баҕа
баҕаларым,баҕа
баҕаларын,баҕа
баҕам,баҕа
баҕаны,баҕа
баҕата,баҕа
баҕаттан,баҕа
баҕатын,баҕа
баҕаҕа,баҕа
биирбит,биир
бииргэ,биир
биирдэр,биир
биирдэрбит,биир
биирдэрбитин,биир
биирдэргэ,биир
биирдэрдээх,биир
биирдэрдээхxэ,биир
биирдэри,биир
биирдэрим,биир
биирдэрин,биир
биирдэртэн,биир
биирдэрэ,биир
биирдээх,биир
биирдээхтэргэ,биир
биири,биир
биирим,биир
биирин,биир
бииртэн,биир
биирэ,биир
бириэмийэбит,бириэмийэ
бириэмийэлэр,бириэмийэ
бириэмийэлэрбит,бириэмийэ
бириэмийэлэрбитин,бириэмийэ
бириэмийэлэргэ,бириэмийэ
бириэмийэлэрдээх,бириэмийэ
бириэмийэлэрдээхxэ,бириэмийэ
бириэмийэлэри,бириэмийэ
бириэмийэлэрим,бириэмийэ
бириэмийэлэрин,бириэмийэ
бириэмийэлэртэн,бириэмийэ
бириэмийэлэрэ,бириэмийэ
бириэмийэлээх,бириэмийэ
бириэмийэлээхтэргэ,бириэмийэ
бириэмийэм,бириэмийэ
бириэмийэни,бириэмийэ
бириэмийэтин,бириэмийэ
бириэмийэттэн,бириэмийэ
бириэмийэтэ,бириэмийэ
бириэмийэҕэ,бириэмийэ
бичиги,бичик
бичигим,бичик
бичигин,бичик
бичигэ,бичик
бичиккэ,бичик
бичикпит,бичик
бичиктэн,бичик
бичиктэр,бичик
бичиктэрбит,бичик
бичиктэрбитин,бичик
бичиктэргэ,бичик
бичиктэрдээх,бичик
бичиктэрдээхxэ,бичик
бичиктэри,бичик
бичиктэрим,бичик
бичиктэрин,бичик
бичиктэртэн,бичик
бичиктэрэ,бичик
бичиктээх,бичик
бичиктээхтэргэ,бичик
бобуубут,бобуу
бобууга,бобуу
бобуулаах,бобуу
бобуулаахтарга,бобуу
бобуулар,бобуу
бобуулара,бобуу
бобууларбыт,бобуу
бобууларбытын,бобуу
бобууларга,бобуу
бобуулардаах,бобуу
бобуулардаахxа,бобуу
бобуулартан,бобуу
бобуулары,бобуу
бобууларым,бобуу
бобууларын,бобуу
бобуум,бобуу
бобууну,бобуу
бобуута,бобуу
бобууттан,бобуу
бобуутун,бобуу
болҕомтобут,болҕомто
болҕомтолоох,болҕомто
болҕомтолоохторго,болҕомто
болҕомтолор,болҕомто
болҕомтолорбут,болҕомто
болҕомтолорбутун,болҕомто
болҕомтолорго,болҕомто
болҕомтолордоох,болҕомто
болҕомтолордоохxо,болҕомто
болҕомтолоро,болҕомто
болҕомтолортон,болҕомто
болҕомтолору,болҕомто
болҕомтолорум,болҕомто
болҕомтолорун,болҕомто
болҕомтом,болҕомто
болҕомтону,болҕомто
болҕомтото,болҕомто
болҕомтоттон,болҕомто
болҕомтотун,болҕомто
болҕомтоҕо,болҕомто
боппуруоска,боппуруос
боппуруоспут,боппуруос
боппуруостаах,боппуруос
боппуруостаахтарга,боппуруос
боппуруостан,боппуруос
боппуруостар,боппуруос
боппуруостара,боппуруос
боппуруостарбыт,боппуруос
боппуруостарбытын,боппуруос
боппуруостарга,боппуруос
боппуруостардаах,боппуруос
боппуруостардаахxа,боппуруос
боппуруостартан,боппуруос
боппуруостары,боппуруос
боппуруостарым,боппуруос
боппуруостарын,боппуруос
боппуруоһа,боппуруос
боппуруоһу,боппуруос
боппуруоһум,боппуруос
боппуруоһун,боппуруос
буруйа,буруй
буруйбут,буруй
буруйга,буруй
буруйдаах,буруй
буруйдаахтарга,буруй
буруйдар,буруй
буруйдара,буруй
буруйдарбыт,буруй
буруйдарбытын,буруй
буруйдарга,буруй
буруйдардаах,буруй
буруйдардаахxа,буруй
буруйдартан,буруй
буруйдары,буруй
буруйдарым,буруй
буруйдарын,буруй
буруйтан,буруй
буруйу,буруй
буруйум,буруй
буруйун,буруй
быыбара,быыбар
быыбарбыт,быыбар
быыбарга,быыбар
быыбардаах,быыбар
быыбардаахтарга,быыбар
быыбардар,быыбар
быыбардара,быыбар
быыбардарбыт,быыбар
быыбардарбытын,быыбар
быыбардарга,быыбар
быыбардардаах,быыбар
быыбардардаахxа,быыбар
быыбардартан,быыбар
быыбардары,быыбар
быыбардарым,быыбар
быыбардарын,быыбар
быыбартан,быыбар
быыбары,быыбар
быыбарым,быыбар
быыбарын,быыбар
быһыыбыт,быһыы
быһыыга,быһыы
быһыылаах,быһыы
быһыылаахтарга,быһыы
быһыылар,быһыы
быһыылара,быһыы
быһыыларбыт,быһыы
быһыыларбытын,быһыы
быһыыларга,быһыы
быһыылардаах,быһыы
быһыылардаахxа,быһыы
быһыылартан,быһыы
быһыылары,быһыы
быһыыларым,быһыы
быһыыларын,быһыы
быһыым,быһыы
быһыыны,быһыы
быһыыта,быһыы
быһыыттан,быһыы
быһыытын,быһыы
бэлиитиги,бэлиитик
бэлиитигим,бэлиитик
бэлиитигин,бэлиитик
бэлиитигэ,бэлиитик
бэлиитиккэ,бэлиитик
бэлиитикпит,бэлиитик
бэлиитиктэн,бэлиитик
бэлиитиктэр,бэлиитик
бэлиитиктэрбит,бэлиитик
бэлиитиктэрбитин,бэлиитик
бэлиитиктэргэ,бэлиитик
бэлиитиктэрдээх,бэлиитик
бэлиитиктэрдээхxэ,бэлиитик
бэлиитиктэри,бэлиитик
бэлиитиктэрим,бэлиитик
бэлиитиктэрин,бэлиитик
бэлиитиктэртэн,бэлиитик
бэлиитиктэрэ,бэлиитик
бэлиитиктээх,бэлиитик
бэлиитиктээхтэргэ,бэлиитик
бэлиэбит,бэлиэ
бэлиэлэр,бэлиэ
бэлиэлэрбит,бэлиэ
бэлиэлэрбитин,бэлиэ
бэлиэлэргэ,бэлиэ
бэлиэлэрдээх,бэлиэ
бэлиэлэрдээхxэ,бэлиэ
бэлиэлэри,бэлиэ
бэлиэлэрим,бэлиэ
бэлиэлэрин,бэлиэ
бэлиэлэртэн,бэлиэ
бэлиэлэрэ,бэлиэ
бэлиэлээх,бэлиэ
бэлиэлээхтэргэ,бэлиэ
бэлиэм,бэлиэ
бэлиэни,бэлиэ
бэлиэтин,бэлиэ
бэлиэттэн,бэлиэ
бэлиэтэ,бэлиэ
бэлиэҕэ,бэлиэ
бэрээдэги,бэрээдэк
бэрээдэгим,бэрээдэк
бэрээдэгин,бэрээдэк
бэрээдэгэ,бэрээдэк
бэрээдэккэ,бэрээдэк
бэрээдэкпит,бэрээдэк
бэрээдэктэн,бэрээдэк
бэрээдэктэр,бэрээдэк
бэрээдэктэрбит,бэрээдэк
бэрээдэктэрбитин,бэрээдэк
бэрээдэктэргэ,бэрээдэк
бэрээдэктэрдээх,бэрээдэк
бэрээдэктэрдээхxэ,бэрээдэк
бэрээдэктэри,бэрээдэк
бэрээдэктэрим,бэрээдэк
бэрээдэктэрин,бэрээдэк
бэрээдэктэртэн,бэрээдэк
бэрээдэктэрэ,бэрээдэк
бэрээдэктээх,бэрээдэк
бэрээдэктээхтэргэ,бэрээдэк
бэчээккэ,бэчээт
бэчээппит,бэчээт
бэчээти,бэчээт
бэчээтим,бэчээт
бэчээтин,бэчээт
бэчээттэн,бэчээт
бэчээттэр,бэчээт
бэчээттэрбит,бэчээт
бэчээттэрбитин,бэчээт
бэчээттэргэ,бэчээт
бэчээттэрдээх,бэчээт
бэчээттэрдээхxэ,бэчээт
бэчээттэри,бэчээт
бэчээттэрим,бэчээт
бэчээттэрин,бэчээт
бэчээттэртэн,бэчээт
бэчээттэрэ,бэчээт
бэчээттээх,бэчээт
бэчээттээхтэргэ,бэчээт
бэчээтэ,бэчээт
бөлөхxө,бөлөх
бөлөхпүт,бөлөх
бөлөхтөн,бөлөх
бөлөхтөр,бөлөх
бөлөхтөрбүт,бөлөх
бөлөхтөрбүтүн,бөлөх
бөлөхтөргө,бөлөх
бөлөхтөрдөөх,бөлөх
бөлөхтөрдөөхxө,бөлөх
бөлөхтөртөн,бөлөх
бөлөхтөрү,бөлөх
бөлөхтөрүм,бөлөх
бөлөхтөрө,бөлөх
бөлөхтөрөн,бөлөх
бөлөхтөөх,бөлөх
бөлөхтөөхтөргө,бөлөх
бөлөҕү,бөлөх
бөлөҕүм,бөлөх
бөлөҕө,бөлөх
бөлөҕөн,бөлөх
депутакка,депутат
депутаппыт,депутат
депутата,депутат
депутаттаах,депутат
депутаттаахтарга,депутат
депутаттан,депутат
депутаттар,депутат
депутаттара,депутат
депутаттарбыт,депутат
депутаттарбытын,депутат
депутаттарга,депутат
депутаттардаах,депутат
депутаттардаахxа,депутат
депутаттартан,депутат
депутаттары,депутат
депутаттарым,депутат
депутаттарын,депутат
депутаты,депутат
депутатым,депутат
депутатын,депутат
дойдубут,дойду
дойдуга,дойду
дойдулаах,дойду
дойдулаахтарга,дойду
дойдулар,дойду
дойдулара,дойду
дойдуларбыт,дойду
дойдуларбытын,дойду
дойдуларга,дойду
дойдулардаах,дойду
дойдулардаахxа,дойду
дойдулартан,дойду
дойдулары,дойду
дойдуларым,дойду
дойдуларын,дойду
дойдум,дойду
дойдуну,дойду
дойдута,дойду
дойдуттан,дойду
дойдутун,дойду
доруобуйабыт,доруобуйа
доруобуйалаах,доруобуйа
доруобуйалаахтарга,доруобуйа
доруобуйалар,доруобуйа
доруобуйалара,доруобуйа
доруобуйаларбыт,доруобуйа
доруобуйаларбытын,доруобуйа
доруобуйаларга,доруобуйа
доруобуйалардаах,доруобуйа
доруобуйалардаахxа,доруобуйа
доруобуйалартан,доруобуйа
доруобуйалары,доруобуйа
доруобуйаларым,доруобуйа
доруобуйаларын,доруобуйа
доруобуйам,доруобуйа
доруобуйаны,доруобуйа
доруобуйата,доруобуйа
доруобуйаттан,доруобуйа
доруобуйатын,доруобуйа
доруобуйаҕа,доруобуйа
дьахталлар,дьахтар
дьахталлара,дьахтар
дьахталларбыт,дьахтар
дьахталларбытын,дьахтар
дьахталларга,дьахтар
дьахталлардаах,дьахтар
дьахталлардаахxа,дьахтар
дьахталлартан,дьахтар
дьахталлары,дьахтар
дьахталларым,дьахтар
дьахталларын,дьахтар
дьахтара,дьахтар
дьахтарбыт,дьахтар
дьахтарга,дьахтар
дьахтардаах,дьахтар
дьахтардаахтарга,дьахтар
дьахтартан,дьахтар
дьахтары,дьахтар
дьахтарым,дьахтар
дьахтарын,дьахтар
дьаһала,дьаһал
дьаһалбыт,дьаһал
дьаһалга,дьаһал
дьаһаллаах,дьаһал
дьаһаллаахтарга,дьаһал
дьаһаллар,дьаһал
дьаһаллара,дьаһал
дьаһалларбыт,дьаһал
дьаһалларбытын,дьаһал
дьаһалларга,дьаһал
дьаһаллардаах,дьаһал
дьаһаллардаахxа,дьаһал
дьаһаллартан,дьаһал
дьаһаллары,дьаһал
дьаһалларым,дьаһал
дьаһалларын,дьаһал
дьаһалтан,дьаһал
дьаһалы,дьаһал
дьаһалым,дьаһал
дьаһалын,дьаһал
дьиктибит,дьикти
дьиктигэ,дьикти
дьиктилэр,дьикти
дьиктилэрбит,дьикти
дьиктилэрбитин,дьикти
дьиктилэргэ,дьикти
дьиктилэрдээх,дьикти
дьиктилэрдээхxэ,дьикти
дьиктилэри,дьикти
дьиктилэрим,дьикти
дьиктилэрин,дьикти
дьиктилэртэн,дьикти
дьиктилэрэ,дьикти
дьиктилээх,дьикти
дьиктилээхтэргэ,дьикти
дьиктим,дьикти
дьиктини,дьикти
дьиктитин,дьикти
дьиктиттэн,дьикти
дьиктитэ,дьикти
дьиэбит,дьиэ
дьиэлэр,дьиэ
дьиэлэрбит,дьиэ
дьиэлэрбитин,дьиэ
дьиэлэргэ,дьиэ
дьиэлэрдээх,дьиэ
дьиэлэрдээхxэ,дьиэ
дьиэлэри,дьиэ
дьиэлэрим,дьиэ
дьиэлэрин,дьиэ
дьиэлэртэн,дьиэ
дьиэлэрэ,дьиэ
дьиэлээх,дьиэ
дьиэлээхтэргэ,дьиэ
дьиэм,дьиэ
дьиэни,дьиэ
дьиэтин,дьиэ
дьиэттэн,дьиэ
дьиэтэ,дьиэ
дьиэҕэ,дьиэ
дьиҥи,дьиҥ
дьиҥим,дьиҥ
дьиҥин,дьиҥ
дьиҥнэр,дьиҥ
дьиҥнэрбит,дьиҥ
дьиҥнэрбитин,дьиҥ
дьиҥнэргэ,дьиҥ
дьиҥнэрдээх,дьиҥ
дьиҥнэрдээхxэ,дьиҥ
дьиҥнэри,дьиҥ
дьиҥнэрим,дьиҥ
дьиҥнэрин,дьиҥ
дьиҥнэртэн,дьиҥ
дьиҥнэрэ,дьиҥ
дьиҥнээх,дьиҥ
дьиҥнээхтэргэ,дьиҥ
дьиҥтэн,дьиҥ
дьиҥэ,дьиҥ
дьиҥҥит,дьиҥ
дьиҥҥэ,дьиҥ
дьыалабыт,дьыала
дьыалалаах,дьыала
дьыалалаахтарга,дьыала
дьыалалар,дьыала
дьыалалара,дьыала
дьыалаларбыт,дьыала
дьыалаларбытын,дьыала
дьыалаларга,дьыала
дьыалалардаах,дьыала
дьыалалардаахxа,дьыала
дьыалалартан,дьыала
дьыалалары,дьыала
дьыалаларым,дьыала
дьыалаларын,дьыала
дьыалам,дьыала
дьыаланы,дьыала
дьыалата,дьыала
дьыалаттан,дьыала
дьыалатын,дьыала
дьыалаҕа,дьыала
идэбит,идэ
идэлэр,идэ
идэлэрбит,идэ
идэлэрбитин,идэ
идэлэргэ,идэ
идэлэрдээх,идэ
идэлэрдээхxэ,идэ
идэлэри,идэ
идэлэрим,идэ
идэлэрин,идэ
идэлэртэн,идэ
идэлэрэ,идэ
идэлээх,идэ
идэлээхтэргэ,идэ
идэм,идэ
идэни,идэ
идэтин,идэ
идэттэн,идэ
идэтэ,идэ
идэҕэ,идэ
иитиибит,иитии
иитиигэ,иитии
иитиилэр,иитии
иитиилэрбит,иитии
иитиилэрбитин,иитии
иитиилэргэ,иитии
иитиилэрдээх,иитии
иитиилэрдээхxэ,иитии
иитиилэри,иитии
иитиилэрим,иитии
иитиилэрин,иитии
иитиилэртэн,иитии
иитиилэрэ,иитии
иитиилээх,иитии
иитиилээхтэргэ,иитии
иитиим,иитии
иитиини,иитии
иитиитин,иитии
иитииттэн,иитии
иитиитэ,иитии
ийэбит,ийэ
ийэлэр,ийэ
ийэлэрбит,ийэ
ийэлэрбитин,ийэ
ийэлэргэ,ийэ
ийэлэрдээх,ийэ
ийэлэрдээхxэ,ийэ
ийэлэри,ийэ
ийэлэрим,ийэ
ийэлэрин,ийэ
ийэлэртэн,ийэ
ийэлэрэ,ийэ
ийэлээх,ийэ
ийэлээхтэргэ,ийэ
ийэм,ийэ
ийэни,ийэ
ийэтин,ийэ
ийэттэн,ийэ
ийэтэ,ийэ
ийэҕэ,ийэ
иккибит,икки
иккигэ,икки
иккилэр,икки
иккилэрбит,икки
иккилэрбитин,икки
иккилэргэ,икки
иккилэрдээх,икки
иккилэрдээхxэ,икки
иккилэри,икки
иккилэрим,икки
иккилэрин,икки
иккилэртэн,икки
иккилэрэ,икки
иккилээх,икки
иккилээхтэргэ,икки
икким,икки
иккини,икки
иккитин,икки
иккиттэн,икки
иккитэ,икки
испииһэги,испииһэк
испииһэгим,испииһэк
испииһэгин,испииһэк
испииһэгэ,испииһэк
испииһэккэ,испииһэк
испииһэкпит,испииһэк
испииһэктэн,испииһэк
испииһэктэр,испииһэк
испииһэктэрбит,испииһэк
испииһэктэрбитин,испииһэк
испииһэктэргэ,испииһэк
испииһэктэрдээх,испииһэк
испииһэктэрдээхxэ,испииһэк
испииһэктэри,испииһэк
испииһэктэрим,испииһэк
испииһэктэрин,испииһэк
испииһэктэртэн,испииһэк
испииһэктэрэ,испииһэк
испииһэктээх,испииһэк
испииһэктээхтэргэ,испииһэк
иччибит,иччи
иччигэ,иччи
иччилэр,иччи
иччилэрбит,иччи
иччилэрбитин,иччи
иччилэргэ,иччи
иччилэрдээх,иччи
иччилэрдээхxэ,иччи
иччилэри,иччи
иччилэрим,иччи
иччилэрин,иччи
иччилэртэн,иччи
иччилэрэ,иччи
иччилээх,иччи
иччилээхтэргэ,иччи
иччим,иччи
иччини,иччи
иччитин,иччи
иччиттэн,иччи
иччитэ,иччи
кииммит,киин
киини,киин
кииним,киин
киинин,киин
кииннэр,киин
кииннэрбит,киин
кииннэрбитин,киин
кииннэргэ,киин
кииннэрдээх,киин
кииннэрдээхxэ,киин
кииннэри,киин
кииннэрим,киин
кииннэрин,киин
кииннэртэн,киин
кииннэрэ,киин
кииннээх,киин
кииннээхтэргэ,киин
киинтэн,киин
киинэ,киин
киинэбит,киинэ
киинэлэр,киинэ
киинэлэрбит,киинэ
киинэлэрбитин,киинэ
киинэлэргэ,киинэ
киинэлэрдээх,киинэ
киинэлэрдээхxэ,киинэ
киинэлэри,киинэ
киинэлэрим,киинэ
киинэлэрин,киинэ
киинэлэртэн,киинэ
киинэлэрэ,киинэ
киинэлээх,киинэ
киинэлээхтэргэ,киинэ
киинэм,киинэ
киинэни,киинэ
киинэтин,киинэ
киинэттэн,киинэ
киинэтэ,киинэ
киинэҕэ,киинэ
кииҥҥэ,киин
кинибит,кини
кинигэ,кини
кинигэбит,кинигэ
кинигэлэр,кинигэ
кинигэлэрбит,кинигэ
кинигэлэрбитин,кинигэ
кинигэлэргэ,кинигэ
кинигэлэрдээх,кинигэ
кинигэлэрдээхxэ,кинигэ
кинигэлэри,кинигэ
кинигэлэрим,кинигэ
кинигэлэрин,кинигэ
кинигэлэртэн,кинигэ
кинигэлэрэ,кинигэ
кинигэлээх,кинигэ
кинигэлээхтэргэ,кинигэ
кинигэм,кинигэ
кинигэни,кинигэ
кинигэтин,кинигэ
кинигэттэн,кинигэ
кинигэтэ,кинигэ
кинигэҕэ,кинигэ
кинилэр,кини
кинилэрбит,кини
кинилэрбитин,кини
кинилэргэ,кини
кинилэрдээх,кини
кинилэрдээхxэ,кини
кинилэри,кини
кинилэрим,кини
кинилэрин,кини
кинилэртэн,кини
кинилэрэ,кини
кинилээх,кини
кинилээхтэргэ,кини
киним,кини
кинини,кини
кинитин,кини
киниттэн,кини
кинитэ,кини
киэһэбит,киэһэ
киэһэлэр,киэһэ
киэһэлэрбит,киэһэ
киэһэлэрбитин,киэһэ
киэһэлэргэ,киэһэ
киэһэлэрдээх,киэһэ
киэһэлэрдээхxэ,киэһэ
киэһэлэри,киэһэ
киэһэлэрим,киэһэ
киэһэлэрин,киэһэ
киэһэлэртэн,киэһэ
киэһэлэрэ,киэһэ
киэһэлээх,киэһэ
киэһэлээхтэргэ,киэһэ
киэһэм,киэһэ
киэһэни,киэһэ
киэһэтин,киэһэ
киэһэттэн,киэһэ
киэһэтэ,киэһэ
киэһэҕэ,киэһэ
киһибит,киһи
киһигэ,киһи
киһилэр,киһи
киһилэрбит,киһи
киһилэрбитин,киһи
киһилэргэ,киһи
киһилэрдээх,киһи
киһилэрдээхxэ,киһи
киһилэри,киһи
киһилэрим,киһи
киһилэрин,киһи
киһилэртэн,киһи
киһилэрэ,киһи
киһилээх,киһи
киһилээхтэргэ,киһи
киһим,киһи
киһини,киһи
киһитин,киһи
киһиттэн,киһи
киһитэ,киһи
кулуммут,кулун
кулуна,кулун
кулуннаах,кулун
кулуннаахтарга,кулун
кулуннар,кулун
кулуннара,кулун
кулуннарбыт,кулун
кулуннарбытын,кулун
кулуннарга,кулун
кулуннардаах,кулун
кулуннардаахxа,кулун
кулуннартан,кулун
кулуннары,кулун
кулуннарым,кулун
кулуннарын,кулун
кулунтан,кулун
кулуну,кулун
кулунум,кулун
кулунун,кулун
кулуҥҥа,кулун
куобут,куо
куолаах,куо
куолаахтарга,куо
куолар,куо
куолара,куо
куоларбыт,куо
куоларбытын,куо
куоларга,куо
куолардаах,куо
куолардаахxа,куо
куолартан,куо
куолары,куо
куоларым,куо
куоларын,куо
куом,куо
куонкуруска,куонкурус
куонкуруспут,куонкурус
куонкурустаах,куонкурус
куонкурустаахтарга,куонкурус
куонкурустан,куонкурус
куонкурустар,куонкурус
куонкурустара,куонкурус
куонкурустарбыт,куонкурус
куонкурустарбытын,куонкурус
куонкурустарга,куонкурус
куонкурустардаах,куонкурус
куонкурустардаахxа,куонкурус
куонкурустартан,куонкурус
куонкурустары,куонкурус
куонкурустарым,куонкурус
куонкурустарын,куонкурус
куонкуруһа,куонкурус
куонкуруһу,куонкурус
куонкуруһум,куонкурус
куонкуруһун,куонкурус
куону,куо
куоракка,куорат
куораппыт,куорат
куората,куорат
куораттаах,куорат
куораттаахтарга,куорат
куораттан,куорат
куораттар,куорат
куораттара,куорат
куораттарбыт,куорат
куораттарбытын,куорат
куораттарга,куорат
куораттардаах,куорат
куораттардаахxа,куорат
куораттартан,куорат
куораттары,куорат
куораттарым,куорат
куораттарын,куорат
куораты,куорат
куоратым,куорат
куоратын,куорат
куота,куо
куоттан,куо
куотун,куо
куоҕа,куо
кыайыыбыт,кыайыы
кыайыыга,кыайыы
кыайыылаах,кыайыы
кыайыылаахтарга,кыайыы
кыайыылар,кыайыы
кыайыылара,кыайыы
кыайыыларбыт,кыайыы
кыайыыларбытын,кыайыы
кыайыыларга,кыайыы
кыайыылардаах,кыайыы
кыайыылардаахxа,кыайыы
кыайыылартан,кыайыы
кыайыылары,кыайыы
кыайыыларым,кыайыы
кыайыыларын,кыайыы
кыайыым,кыайыы
кыайыыны,кыайыы
кыайыыта,кыайыы
кыайыыттан,кыайыы
кыайыытын,кыайыы
кыахxа,кыах
кыахпыт,кыах
кыахтаах,кыах
кыахтаахтарга,кыах
кыахтан,кыах
кыахтар,кыах
кыахтара,кыах
кыахтарбыт,кыах
кыахтарбытын,кыах
кыахтарга,кыах
кыахтардаах,кыах
кыахтардаахxа,кыах
кыахтартан,кыах
кыахтары,кыах
кыахтарым,кыах
кыахтарын,кыах
кыаҕа,кыах
кыаҕы,кыах
кыаҕым,кыах
кыаҕын,кыах
кылааска,кылаас
кылааспыт,кылаас
кылаастаах,кылаас
кылаастаахтарга,кылаас
кылаастан,кылаас
кылаастар,кылаас
кылаастара,кылаас
кылаастарбыт,кылаас
кылаастарбытын,кылаас
кылаастарга,кылаас
кылаастардаах,кылаас
кылаастардаахxа,кылаас
кылаастартан,кылаас
кылаастары,кылаас
кылаастарым,кылаас
кылаастарын,кылаас
кылааһа,кылаас
кылааһы,кылаас
кылааһым,кылаас
кылааһын,кылаас
кырабыт,кыра
кыралаах,кыра
кыралаахтарга,кыра
кыралар,кыра
кыралара,кыра
кыраларбыт,кыра
кыраларбытын,кыра
кыраларга,кыра
кыралардаах,кыра
кыралардаахxа,кыра
кыралартан,кыра
кыралары,кыра
кыраларым,кыра
кыраларын,кыра
кырам,кыра
кыраны,кыра
кырата,кыра
кыраттан,кыра
кыратын,кыра
кыраҕа,кыра
кыргыттар,кыыс
кыргыттара,кыыс
кыргыттарбыт,кыыс
кыргыттарбытын,кыыс
кыргыттарга,кыыс
кыргыттардаах,кыыс
кыргыттардаахxа,кыыс
кыргыттартан,кыыс
кыргыттары,кыыс
кыргыттарым,кыыс
кыргыттарын,кыыс
кыттыыбыт,кыттыы
кыттыыга,кыттыы
кыттыылаах,кыттыы
кыттыылаахтарга,кыттыы
кыттыылар,кыттыы
кыттыылара,кыттыы
кыттыыларбыт,кыттыы
кыттыыларбытын,кыттыы
кыттыыларга,кыттыы
кыттыылардаах,кыттыы
кыттыылардаахxа,кыттыы
кыттыылартан,кыттыы
кыттыылары,кыттыы
кыттыыларым,кыттыы
кыттыыларын,кыттыы
кыттыым,кыттыы
кыттыыны,кыттыы
кыттыыта,кыттыы
кыттыыттан,кыттыы
кыттыытын,кыттыы
кыыска,кыыс
кыыспыт,кыыс
кыыстаах,кыыс
кыыстаахтарга,кыыс
кыыстан,кыыс
кыыһа,кыыс
кыыһы,кыыс
кыыһым,кыыс
кыыһын,кыыс
кыһабыт,кыһа
кыһалаах,кыһа
кыһалаахтарга,кыһа
кыһалар,кыһа
кыһалара,кыһа
кыһаларбыт,кыһа
кыһаларбытын,кыһа
кыһаларга,кыһа
кыһалардаах,кыһа
кыһалардаахxа,кыһа
кыһалартан,кыһа
кыһалары,кыһа
кыһаларым,кыһа
кыһаларын,кыһа
кыһалҕабыт,кыһалҕа
кыһалҕалаах,кыһалҕа
кыһалҕалаахтарга,кыһалҕа
кыһалҕалар,кыһалҕа
кыһалҕалара,кыһалҕа
кыһалҕаларбыт,кыһалҕа
кыһалҕаларбытын,кыһалҕа
кыһалҕаларга,кыһалҕа
кыһалҕалардаах,кыһалҕа
кыһалҕалардаахxа,кыһалҕа
кыһалҕалартан,кыһалҕа
кыһалҕалары,кыһалҕа
кыһалҕаларым,кыһалҕа
кыһалҕаларын,кыһалҕа
кыһалҕам,кыһалҕа
кыһалҕаны,кыһалҕа
кыһалҕата,кыһалҕа
кыһалҕаттан,кыһалҕа
кыһалҕатын,кыһалҕа
кыһалҕаҕа,кыһалҕа
кыһам,кыһа
кыһаны,кыһа
кыһата,кыһа
кыһаттан,кыһа
кыһатын,кыһа
кыһаҕа,кыһа
кэми,кэм
кэмим,кэм
кэмин,кэм
кэммит,кэм
кэмнэр,кэм
кэмнэрбит,кэм
кэмнэрбитин,кэм
кэмнэргэ,кэм
кэмнэрдээх,кэм
кэмнэрдээхxэ,кэм
кэмнэри,кэм
кэмнэрим,кэм
кэмнэрин,кэм
кэмнэртэн,кэм
кэмнэрэ,кэм
кэмнээх,кэм
кэмнээхтэргэ,кэм
кэмтэн,кэм
кэмэ,кэм
кэмҥэ,кэм
кэргэммит,кэргэн
кэргэни,кэргэн
кэргэним,кэргэн
кэргэнин,кэргэн
кэргэннээх,кэргэн
кэргэннээхтэргэ,кэргэн
кэргэнтэн,кэргэн
кэргэнэ,кэргэн
кэргэттэр,кэргэн
кэргэттэрбит,кэргэн
кэргэттэрбитин,кэргэн
кэргэттэргэ,кэргэн
кэргэттэрдээх,кэргэн
кэргэттэрдээхxэ,кэргэн
кэргэттэри,кэргэн
кэргэттэрим,кэргэн
кэргэттэрин,кэргэн
кэргэттэртэн,кэргэн
кэргэттэрэ,кэргэн
кэргэҥҥэ,кэргэн
күммүт,күн
күннэр,күн
күннэрбит,күн
күннэрбитин,күн
күннэргэ,күн
күннэрдээх,күн
күннэрдээхxэ,күн
күннэри,күн
күннэрим,күн
күннэрин,күн
күннэртэн,күн
күннэрэ,күн
күннээх,күн
күннээхтэргэ,күн
күнтэн,күн
күнэ,күн
күнү,күн
күнүм,күн
күнүн,күн
күрэхтэһиибит,күрэхтэһии
күрэхтэһиигэ,күрэхтэһии
күрэхтэһиилэр,күрэхтэһии
күрэхтэһиилэрбит,күрэхтэһии
күрэхтэһиилэрбитин,күрэхтэһии
күрэхтэһиилэргэ,күрэхтэһии
күрэхтэһиилэрдээх,күрэхтэһии
күрэхтэһиилэрдээхxэ,күрэхтэһии
күрэхтэһиилэри,күрэхтэһии
күрэхтэһиилэрим,күрэхтэһии
күрэхтэһиилэрин,күрэхтэһии
күрэхтэһиилэртэн,күрэхтэһии
күрэхтэһиилэрэ,күрэхтэһии
күрэхтэһиилээх,күрэхтэһии
күрэхтэһиилээхтэргэ,күрэхтэһии
күрэхтэһиим,күрэхтэһии
күрэхтэһиини,күрэхтэһии
күрэхтэһиитин,күрэхтэһии
күрэхтэһииттэн,күрэхтэһии
күрэхтэһиитэ,күрэхтэһии
күҥҥэ,күн
күүскэ,күүс
күүспүт,күүс
күүстэн,күүс
күүстэр,күүс
күүстэрбит,күүс
күүстэрбитин,күүс
күүстэргэ,күүс
күүстэрдээх,күүс
күүстэрдээхxэ,күүс
күүстэри,күүс
күүстэрим,күүс
күүстэрин,күүс
күүстэртэн,күүс
күүстэрэ,күүс
күүстээх,күүс
күүстээхтэргэ,күүс
күүһэ,күүс
күүһү,күүс
күүһүм,күүс
күүһүүн,күүс
көмүскэ,көмүс
көмүспүт,көмүс
көмүстэн,көмүс
көмүстэр,көмүс
көмүстэрбит,көмүс
көмүстэрбитин,көмүс
көмүстэргэ,көмүс
көмүстэрдээх,көмүс
көмүстэрдээхxэ,көмүс
көмүстэри,көмүс
көмүстэрим,көмүс
көмүстэрин,көмүс
көмүстэртэн,көмүс
көмүстэрэ,көмүс
көмүстээх,көмүс
көмүстээхтэргэ,көмүс
көмүһэ,көмүс
көмүһү,көмүс
көмүһүм,көмүс
көмүһүн,көмүс
көмөбүт,көмө
көмөлөр,көмө
көмөлөрбүт,көмө
көмөлөрбүтүн,көмө
көмөлөргө,көмө
көмөлөрдөөх,көмө
көмөлөрдөөхxө,көмө
көмөлөртөн,көмө
көмөлөрү,көмө
көмөлөрүм,көмө
көмөлөрө,көмө
көмөлөрөн,көмө
көмөлөөх,көмө
көмөлөөхтөргө,көмө
көмөм,көмө
көмөнү,көмө
көмөттөн,көмө
көмөтө,көмө
көмөтөн,көмө
көмөҕө,көмө
көрдүүбүт,көрдүү
көрдүүгэ,көрдүү
көрдүүлэр,көрдүү
көрдүүлэрбит,көрдүү
көрдүүлэрбитин,көрдүү
көрдүүлэргэ,көрдүү
көрдүүлэрдээх,көрдүү
көрдүүлэрдээхxэ,көрдүү
көрдүүлэри,көрдүү
көрдүүлэрим,көрдүү
көрдүүлэрин,көрдүү
көрдүүлэртэн,көрдүү
көрдүүлэрэ,көрдүү
көрдүүлээх,көрдүү
көрдүүлээхтэргэ,көрдүү
көрдүүм,көрдүү
көрдүүнү,көрдүү
көрдүүттэн,көрдүү
көрдүүтэ,көрдүү
көрдүүтүүн,көрдүү
көрүҥнэр,көрүҥ
көрүҥнэрбит,көрүҥ
көрүҥнэрбитин,көрүҥ
көрүҥнэргэ,көрүҥ
көрүҥнэрдээх,көрүҥ
көрүҥнэрдээхxэ,көрүҥ
көрүҥнэри,көрүҥ
көрүҥнэрим,көрүҥ
көрүҥнэрин,көрүҥ
көрүҥнэртэн,көрүҥ
көрүҥнэрэ,көрүҥ
көрүҥнээх,көрүҥ
көрүҥнээхтэргэ,көрүҥ
көрүҥтэн,көрүҥ
көрүҥэ,көрүҥ
көрүҥҥэ,көрүҥ
көрүҥҥүт,көрүҥ
көрүҥү,көрүҥ
көрүҥүм,көрүҥ
көрүҥүн,көрүҥ
көрүүбүт,көрүү
көрүүгэ,көрүү
көрүүлэр,көрүү
көрүүлэрбит,көрүү
көрүүлэрбитин,көрүү
көрүүлэргэ,көрүү
көрүүлэрдээх,көрүү
көрүүлэрдээхxэ,көрүү
көрүүлэри,көрүү
көрүүлэрим,көрүү
көрүүлэрин,көрүү
көрүүлэртэн,көрүү
көрүүлэрэ,көрүү
көрүүлээх,көрүү
көрүүлээхтэргэ,көрүү
көрүүм,көрүү
көрүүнү,көрүү
көрүүттэн,көрүү
көрүүтэ,көрүү
көрүүтүүн,көрүү
көрүөбүт,көрүө
көрүөлэр,көрүө
көрүөлэрбит,көрүө
көрүөлэрбитин,көрүө
көрүөлэргэ,көрүө
көрүөлэрдээх,көрүө
көрүөлэрдээхxэ,көрүө
көрүөлэри,көрүө
көрүөлэрим,көрүө
көрүөлэрин,көрүө
көрүөлэртэн,көрүө
көрүөлэрэ,көрүө
көрүөлээх,көрүө
көрүөлээхтэргэ,көрүө
көрүөм,көрүө
көрүөнү,көрүө
көрүөттэн,көрүө
көрүөтэ,көрүө
көрүөтүөн,көрүө
көрүөҕэ,көрүө
көстүүбүт,көстүү
көстүүгэ,көстүү
көстүүлэр,көстүү
көстүүлэрбит,көстүү
көстүүлэрбитин,көстүү
көстүүлэргэ,көстүү
көстүүлэрдээх,көстүү
көстүүлэрдээхxэ,көстүү
көстүүлэри,көстүү
көстүүлэрим,көстүү
көстүүлэрин,көстүү
көстүүлэртэн,көстүү
көстүүлэрэ,көстүү
көстүүлээх,көстүү
көстүүлээхтэргэ,көстүү
көстүүм,көстүү
көстүүнү,көстүү
көстүүттэн,көстүү
көстүүтэ,көстүү
көстүүтүүн,көстүү
көҥүлбүт,көҥүл
көҥүлгэ,көҥүл
көҥүллэр,көҥүл
көҥүллэрбит,көҥүл
көҥүллэрбитин,көҥүл
көҥүллэргэ,көҥүл
көҥүллэрдээх,көҥүл
көҥүллэрдээхxэ,көҥүл
көҥүллэри,көҥүл
көҥүллэрим,көҥүл
көҥүллэрин,көҥүл
көҥүллэртэн,көҥүл
көҥүллэрэ,көҥүл
көҥүллээх,көҥүл
көҥүллээхтэргэ,көҥүл
көҥүлтэн,көҥүл
көҥүлэ,көҥүл
көҥүлү,көҥүл
көҥүлүм,көҥүл
көҥүлүн,көҥүл
массыынабыт,массыына
массыыналаах,массыына
массыыналаахтарга,массыына
массыыналар,массыына
массыыналара,массыына
массыыналарбыт,массыына
массыыналарбытын,массыына
массыыналарга,массыына
массыыналардаах,массыына
массыыналардаахxа,массыына
массыыналартан,массыына
массыыналары,массыына
массыыналарым,массыына
массыыналарын,массыына
массыынам,массыына
массыынаны,массыына
массыыната,массыына
массыынаттан,массыына
массыынатын,массыына
массыынаҕа,массыына
матырыйаала,матырыйаал
матырыйаалбыт,матырыйаал
матырыйаалга,матырыйаал
матырыйааллаах,матырыйаал
матырыйааллаахтарга,матырыйаал
матырыйааллар,матырыйаал
матырыйааллара,матырыйаал
матырыйаалларбыт,матырыйаал
матырыйаалларбытын,матырыйаал
матырыйаалларга,матырыйаал
матырыйааллардаах,матырыйаал
матырыйааллардаахxа,матырыйаал
матырыйааллартан,матырыйаал
матырыйааллары,матырыйаал
матырыйаалларым,матырыйаал
матырыйаалларын,матырыйаал
матырыйаалтан,матырыйаал
матырыйаалы,матырыйаал
матырыйаалым,матырыйаал
матырыйаалын,матырыйаал
миммит,мин
мини,мин
миним,мин
минин,мин
миннэр,мин
миннэрбит,мин
миннэрбитин,мин
миннэргэ,мин
миннэрдээх,мин
миннэрдээхxэ,мин
миннэри,мин
миннэрим,мин
миннэрин,мин
миннэртэн,мин
миннэрэ,мин
миннээх,мин
миннээхтэргэ,мин
минтэн,мин
минэ,мин
миэстэбит,миэстэ
миэстэлэр,миэстэ
миэстэлэрбит,миэстэ
миэстэлэрбитин,миэстэ
миэстэлэргэ,миэстэ
миэстэлэрдээх,миэстэ
миэстэлэрдээхxэ,миэстэ
миэстэлэри,миэстэ
миэстэлэрим,миэстэ
миэстэлэрин,миэстэ
миэстэлэртэн,миэстэ
миэстэлэрэ,миэстэ
миэстэлээх,миэстэ
миэстэлээхтэргэ,миэстэ
миэстэм,миэстэ
миэстэни,миэстэ
миэстэтин,миэстэ
миэстэттэн,миэстэ
миэстэтэ,миэстэ
миэстэҕэ,миэстэ
миҥҥэ,мин
мунньахxа,мунньах
мунньахпыт,мунньах
мунньахтаах,мунньах
мунньахтаахтарга,мунньах
мунньахтан,мунньах
мунньахтар,мунньах
мунньахтара,мунньах
мунньахтарбыт,мунньах
мунньахтарбытын,мунньах
мунньахтарга,мунньах
мунньахтардаах,мунньах
мунньахтардаахxа,мунньах
мунньахтартан,мунньах
мунньахтары,мунньах
мунньахтарым,мунньах
мунньахтарын,мунньах
мунньаҕа,мунньах
мунньаҕы,мунньах
мунньаҕым,мунньах
мунньаҕын,мунньах
мусуойа,мусуой
мусуойбут,мусуой
мусуойга,мусуой
мусуойдаах,мусуой
мусуойдаахтарга,мусуой
мусуойдар,мусуой
мусуойдара,мусуой
мусуойдарбыт,мусуой
мусуойдарбытын,мусуой
мусуойдарга,мусуой
мусуойдардаах,мусуой
мусуойдардаахxа,мусуой
мусуойдартан,мусуой
мусуойдары,мусуой
мусуойдарым,мусуой
мусуойдарын,мусуой
мусуойтан,мусуой
мусуойу,мусуой
мусуойум,мусуой
мусуойун,мусуой
норуокка,норуот
норуоппут,норуот
норуота,норуот
норуоттаах,норуот
норуоттаахтарга,норуот
норуоттан,норуот
норуоттар,норуот
норуоттара,норуот
норуоттарбыт,норуот
норуоттарбытын,норуот
норуоттарга,норуот
норуоттардаах,норуот
норуоттардаахxа,норуот
норуоттартан,норуот
норуоттары,норуот
норуоттарым,норуот
норуоттарын,норуот
норуоту,норуот
норуотум,норуот
норуотун,норуот
нэдиэлэбит,нэдиэлэ
нэдиэлэлэр,нэдиэлэ
нэдиэлэлэрбит,нэдиэлэ
нэдиэлэлэрбитин,нэдиэлэ
нэдиэлэлэргэ,нэдиэлэ
нэдиэлэлэрдээх,нэдиэлэ
нэдиэлэлэрдээхxэ,нэдиэлэ
нэдиэлэлэри,нэдиэлэ
нэдиэлэлэрим,нэдиэлэ
нэдиэлэлэрин,нэдиэлэ
нэдиэлэлэртэн,нэдиэлэ
нэдиэлэлэрэ,нэдиэлэ
нэдиэлэлээх,нэдиэлэ
нэдиэлэлээхтэргэ,нэдиэлэ
нэдиэлэм,нэдиэлэ
нэдиэлэни,нэдиэлэ
нэдиэлэтин,нэдиэлэ
нэдиэлэттэн,нэдиэлэ
нэдиэлэтэ,нэдиэлэ
нэдиэлэҕэ,нэдиэлэ
нэһилиэги,нэһилиэк
нэһилиэгим,нэһилиэк
нэһилиэгин,нэһилиэк
нэһилиэгэ,нэһилиэк
нэһилиэккэ,нэһилиэк
нэһилиэкпит,нэһилиэк
нэһилиэктэн,нэһилиэк
нэһилиэктэр,нэһилиэк
нэһилиэктэрбит,нэһилиэк
нэһилиэктэрбитин,нэһилиэк
нэһилиэктэргэ,нэһилиэк
нэһилиэктэрдээх,нэһилиэк
нэһилиэктэрдээхxэ,нэһилиэк
нэһилиэктэри,нэһилиэк
нэһилиэктэрим,нэһилиэк
нэһилиэктэрин,нэһилиэк
нэһилиэктэртэн,нэһилиэк
нэһилиэктэрэ,нэһилиэк
нэһилиэктээх,нэһилиэк
нэһилиэктээхтэргэ,нэһилиэк
нэһилиэнньэбит,нэһилиэнньэ
нэһилиэнньэлэр,нэһилиэнньэ
нэһилиэнньэлэрбит,нэһилиэнньэ
нэһилиэнньэлэрбитин,нэһилиэнньэ
нэһилиэнньэлэргэ,нэһилиэнньэ
нэһилиэнньэлэрдээх,нэһилиэнньэ
нэһилиэнньэлэрдээхxэ,нэһилиэнньэ
нэһилиэнньэлэри,нэһилиэнньэ
нэһилиэнньэлэрим,нэһилиэнньэ
нэһилиэнньэлэрин,нэһилиэнньэ
нэһилиэнньэлэртэн,нэһилиэнньэ
нэһилиэнньэлэрэ,нэһилиэнньэ
нэһилиэнньэлээх,нэһилиэнньэ
нэһилиэнньэлээхтэргэ,нэһилиэнньэ
нэһилиэнньэм,нэһилиэнньэ
нэһилиэнньэни,нэһилиэнньэ
нэһилиэнньэтин,нэһилиэнньэ
нэһилиэнньэттэн,нэһилиэнньэ
нэһилиэнньэтэ,нэһилиэнньэ
нэһилиэнньэҕэ,нэһилиэнньэ
ойуубут,ойуу
ойууга,ойуу
ойуулаах,ойуу
ойуулаахтарга,ойуу
ойуулар,ойуу
ойуулара,ойуу
ойууларбыт,ойуу
ойууларбытын,ойуу
ойууларга,ойуу
ойуулардаах,ойуу
ойуулардаахxа,ойуу
ойуулартан,ойуу
ойуулары,ойуу
ойууларым,ойуу
ойууларын,ойуу
ойуум,ойуу
ойууммут,ойуун
ойууна,ойуун
ойууннаах,ойуун
ойууннаахтарга,ойуун
ойууннар,ойуун
ойууннара,ойуун
ойууннарбыт,ойуун
ойууннарбытын,ойуун
ойууннарга,ойуун
ойууннардаах,ойуун
ойууннардаахxа,ойуун
ойууннартан,ойуун
ойууннары,ойуун
ойууннарым,ойуун
ойууннарын,ойуун
ойуунтан,ойуун
ойууну,ойуу
ойууну,ойуун
ойуунум,ойуун
ойуунун,ойуун
ойуута,ойуу
ойууттан,ойуу
ойуутун,ойуу
ойууҥҥа,ойуун
окко,от
олохxо,олох
олохпут,олох
олохтон,олох
олохтоох,олох
олохтоохторго,олох
олохтор,олох
олохторбут,олох
олохторбутун,олох
олохторго,олох
олохтордоох,олох
олохтордоохxо,олох
олохторо,олох
олохтортон,олох
олохтору,олох
олохторум,олох
олохторун,олох
олоҕо,олох
олоҕу,олох
олоҕум,олох
олоҕун,олох
омуга,омук
омугу,омук
омугум,омук
омугун,омук
омукка,омук
омукпут,омук
омуктаах,омук
омуктаахтарга,омук
омуктан,омук
омуктар,омук
омуктара,омук
омуктарбыт,омук
омуктарбытын,омук
омуктарга,омук
омуктардаах,омук
омуктардаахxа,омук
омуктартан,омук
омуктары,омук
омуктарым,омук
омуктарын,омук
оонньуубут,оонньуу
оонньууга,оонньуу
оонньуулаах,оонньуу
оонньуулаахтарга,оонньуу
оонньуулар,оонньуу
оонньуулара,оонньуу
оонньууларбыт,оонньуу
оонньууларбытын,оонньуу
оонньууларга,оонньуу
оонньуулардаах,оонньуу
оонньуулардаахxа,оонньуу
оонньуулартан,оонньуу
оонньуулары,оонньуу
оонньууларым,оонньуу
оонньууларын,оонньуу
оонньуум,оонньуу
оонньууну,оонньуу
оонньуута,оонньуу
оонньууттан,оонньуу
оонньуутун,оонньуу
оппут,от
оройуоммут,оройуон
оройуона,оройуон
оройуоннаах,оройуон
оройуоннаахтарга,оройуон
оройуоннар,оройуон
оройуоннара,оройуон
оройуоннарбыт,оройуон
оройуоннарбытын,оройуон
оройуоннарга,оройуон
оройуоннардаах,оройуон
оройуоннардаахxа,оройуон
оройуоннартан,оройуон
оройуоннары,оройуон
оройуоннарым,оройуон
оройуоннарын,оройуон
оройуонтан,оройуон
оройуону,оройуон
оройуонум,оройуон
оройуонун,оройуон
оройуоҥҥа,оройуон
оруола,оруол
оруолбут,оруол
оруолга,оруол
оруоллаах,оруол
оруоллаахтарга,оруол
оруоллар,оруол
оруоллара,оруол
оруолларбыт,оруол
оруолларбытын,оруол
оруолларга,оруол
оруоллардаах,оруол
оруоллардаахxа,оруол
оруоллартан,оруол
оруоллары,оруол
оруолларым,оруол
оруолларын,оруол
оруолтан,оруол
оруолу,оруол
оруолум,оруол
оруолун,оруол
оскуолабыт,оскуола
оскуолалаах,оскуола
оскуолалаахтарга,оскуола
оскуолалар,оскуола
оскуолалара,оскуола
оскуолаларбыт,оскуола
оскуолаларбытын,оскуола
оскуолаларга,оскуола
оскуолалардаах,оскуола
оскуолалардаахxа,оскуола
оскуолалартан,оскуола
оскуолалары,оскуола
оскуолаларым,оскуола
оскуолаларын,оскуола
оскуолам,оскуола
оскуоланы,оскуола
оскуолата,оскуола
оскуолаттан,оскуола
оскуолатын,оскуола
оскуолаҕа,оскуола
ото,от
оттон,от
оттоох,от
оттоохторго,от
оттор,от
отторбут,от
отторбутун,от
отторго,от
оттордоох,от
оттордоохxо,от
отторо,от
оттортон,от
оттору,от
отторум,от
отторун,от
оту,от
отум,от
отун,от
оҕобут,оҕо
оҕолоох,оҕо
оҕолоохторго,оҕо
оҕолор,оҕо
оҕолорбут,оҕо
оҕолорбутун,оҕо
оҕолорго,оҕо
оҕолордоох,оҕо
оҕолордоохxо,оҕо
оҕолоро,оҕо
оҕолортон,оҕо
оҕолору,оҕо
оҕолорум,оҕо
оҕолорун,оҕо
оҕом,оҕо
оҕонньорбут,оҕонньор
оҕонньорго,оҕонньор
оҕонньордоох,оҕонньор
оҕонньордоохторго,оҕонньор
оҕонньоро,оҕонньор
оҕонньортон,оҕонньор
оҕонньору,оҕонньор
оҕонньорум,оҕонньор
оҕонньорун,оҕонньор
оҕонньоттор,оҕонньор
оҕонньотторбут,оҕонньор
оҕонньотторбутун,оҕонньор
оҕонньотторго,оҕонньор
оҕонньоттордоох,оҕонньор
оҕонньоттордоохxо,оҕонньор
оҕонньотторо,оҕонньор
оҕонньоттортон,оҕонньор
оҕонньоттору,оҕонньор
оҕонньотторум,оҕонньор
оҕонньотторун,оҕонньор
оҕону,оҕо
оҕото,оҕо
оҕоттон,оҕо
оҕотун,оҕо
оҕоҕо,оҕо
оҕуруобут,оҕуруо
оҕуруолаах,оҕуруо
оҕуруолаахтарга,оҕуруо
оҕуруолар,оҕуруо
оҕуруолара,оҕуруо
оҕуруоларбыт,оҕуруо
оҕуруоларбытын,оҕуруо
оҕуруоларга,оҕуруо
оҕуруолардаах,оҕуруо
оҕуруолардаахxа,оҕуруо
оҕуруолартан,оҕуруо
оҕуруолары,оҕуруо
оҕуруоларым,оҕуруо
оҕуруоларын,оҕуруо
оҕуруом,оҕуруо
оҕуруону,оҕуруо
оҕуруота,оҕуруо
оҕуруоттан,оҕуруо
оҕуруотун,оҕуруо
оҕуруоҕа,оҕуруо
оҥоһуубут,оҥоһуу
оҥоһууга,оҥоһуу
оҥоһуулаах,оҥоһуу
оҥоһуулаахтарга,оҥоһуу
оҥоһуулар,оҥоһуу
оҥоһуулара,оҥоһуу
оҥоһууларбыт,оҥоһуу
оҥоһууларбытын,оҥоһуу
оҥоһууларга,оҥоһуу
оҥоһуулардаах,оҥоһуу
оҥоһуулардаахxа,оҥоһуу
оҥоһуулартан,оҥоһуу
оҥоһуулары,оҥоһуу
оҥоһууларым,оҥоһуу
оҥоһууларын,оҥоһуу
оҥоһуум,оҥоһуу
оҥоһууну,оҥоһуу
оҥоһуута,оҥоһуу
оҥоһууттан,оҥоһуу
оҥоһуутун,оҥоһуу
пууммут,пуун
пууна,пуун
пууннаах,пуун
пууннаахтарга,пуун
пууннар,пуун
пууннара,пуун
пууннарбыт,пуун
пууннарбытын,пуун
пууннарга,пуун
пууннардаах,пуун
пууннардаахxа,пуун
пууннартан,пуун
пууннары,пуун
пууннарым,пуун
пууннарын,пуун
пуунтан,пуун
пууну,пуун
пуунум,пуун
пуунун,пуун
пууҥҥа,пуун
республикабыт,республика
республикалаах,республика
республикалаахтарга,республика
республикалар,республика
республикалара,республика
республикаларбыт,республика
республикаларбытын,республика
республикаларга,республика
республикалардаах,республика
республикалардаахxа,республика
республикалартан,республика
республикалары,республика
республикаларым,республика
республикаларын,республика
республикам,республика
республиканы,республика
республиката,республика
республикаттан,республика
республикатын,республика
республикаҕа,республика
россиябият,россия
россиялэр,россия
россиялэрбит,россия
россиялэрбитин,россия
россиялэргэ,россия
россиялэрдээх,россия
россиялэрдээхxэ,россия
россиялэри,россия
россиялэрим,россия
россиялэрин,россия
россиялэртэн,россия
россиялэрэ,россия
россиялээх,россия
россиялээхтэргэ,россия
россиям,россия
россияния,россия
россиятиян,россия
россияттэн,россия
россиятэ,россия
россияҕэ,россия
саабыт,саа
саалаах,саа
саалаахтарга,саа
саалар,саа
саалара,саа
сааларбыт,саа
сааларбытын,саа
сааларга,саа
саалардаах,саа
саалардаахxа,саа
саалартан,саа
саалары,саа
сааларым,саа
сааларын,саа
саам,саа
сааны,саа
сааска,саас
сааспыт,саас
саастаах,саас
саастаахтарга,саас
саастан,саас
саастар,саас
саастара,саас
саастарбыт,саас
саастарбытын,саас
саастарга,саас
саастардаах,саас
саастардаахxа,саас
саастартан,саас
саастары,саас
саастарым,саас
саастарын,саас
саата,саа
сааттан,саа
саатын,саа
сааҕа,саа
сааһа,саас
сааһы,саас
сааһым,саас
сааһын,саас
сайдыыбыт,сайдыы
сайдыыга,сайдыы
сайдыылаах,сайдыы
сайдыылаахтарга,сайдыы
сайдыылар,сайдыы
сайдыылара,сайдыы
сайдыыларбыт,сайдыы
сайдыыларбытын,сайдыы
сайдыыларга,сайдыы
сайдыылардаах,сайдыы
сайдыылардаахxа,сайдыы
сайдыылартан,сайдыы
сайдыылары,сайдыы
сайдыыларым,сайдыы
сайдыыларын,сайдыы
сайдыым,сайдыы
сайдыыны,сайдыы
сайдыыта,сайдыы
сайдыыттан,сайдыы
сайдыытын,сайдыы
сайыммыт,сайын
сайына,сайын
сайыннаах,сайын
сайыннаахтарга,сайын
сайыннар,сайын
сайыннара,сайын
сайыннарбыт,сайын
сайыннарбытын,сайын
сайыннарга,сайын
сайыннардаах,сайын
сайыннардаахxа,сайын
сайыннартан,сайын
сайыннары,сайын
сайыннарым,сайын
сайыннарын,сайын
сайынтан,сайын
сайыны,сайын
сайыным,сайын
сайынын,сайын
сайыҥҥа,сайын
салаабыт,салаа
салаалаах,салаа
салаалаахтарга,салаа
салаалар,салаа
салаалара,салаа
салааларбыт,салаа
салааларбытын,салаа
салааларга,салаа
салаалардаах,салаа
салаалардаахxа,салаа
салаалартан,салаа
салаалары,салаа
салааларым,салаа
салааларын,салаа
салаам,салаа
салааны,салаа
салаата,салаа
салааттан,салаа
салаатын,салаа
салааҕа,салаа
салайааччыбыт,салайааччы
салайааччыга,салайааччы
салайааччылаах,салайааччы
салайааччылаахтарга,салайааччы
салайааччылар,салайааччы
салайааччылара,салайааччы
салайааччыларбыт,салайааччы
салайааччыларбытын,салайааччы
салайааччыларга,салайааччы
салайааччылардаах,салайааччы
салайааччылардаахxа,салайааччы
салайааччылартан,салайааччы
салайааччылары,салайааччы
салайааччыларым,салайааччы
салайааччыларын,салайааччы
салайааччым,салайааччы
салайааччыны,салайааччы
салайааччыта,салайааччы
салайааччыттан,салайааччы
салайааччытын,салайааччы
санаабыт,санаа
санаалаах,санаа
санаалаахтарга,санаа
санаалар,санаа
санаалара,санаа
санааларбыт,санаа
санааларбытын,санаа
санааларга,санаа
санаалардаах,санаа
санаалардаахxа,санаа
санаалартан,санаа
санаалары,санаа
санааларым,санаа
санааларын,санаа
санаам,санаа
санааны,санаа
санаата,санаа
санааттан,санаа
санаатын,санаа
санааҕа,санаа
сахабыт,саха
сахалаах,саха
сахалаахтарга,саха
сахалар,саха
сахалара,саха
сахаларбыт,саха
сахаларбытын,саха
сахаларга,саха
сахалардаах,саха
сахалардаахxа,саха
сахалартан,саха
сахалары,саха
сахаларым,саха
сахаларын,саха
сахам,саха
саханы,саха
сахата,саха
сахаттан,саха
сахатын,саха
сахаҕа,саха
саҥабыт,саҥа
саҥалаах,саҥа
саҥалаахтарга,саҥа
саҥалар,саҥа
саҥалара,саҥа
саҥаларбыт,саҥа
саҥаларбытын,саҥа
саҥаларга,саҥа
саҥалардаах,саҥа
саҥалардаахxа,саҥа
саҥалартан,саҥа
саҥалары,саҥа
саҥаларым,саҥа
саҥаларын,саҥа
саҥам,саҥа
саҥаны,саҥа
саҥата,саҥа
саҥаттан,саҥа
саҥатын,саҥа
саҥаҕа,саҥа
сибээскэ,сибээс
сибээспит,сибээс
сибээстэн,сибээс
сибээстэр,сибээс
сибээстэрбит,сибээс
сибээстэрбитин,сибээс
сибээстэргэ,сибээс
сибээстэрдээх,сибээс
сибээстэрдээхxэ,сибээс
сибээстэри,сибээс
сибээстэрим,сибээс
сибээстэрин,сибээс
сибээстэртэн,сибээс
сибээстэрэ,сибээс
сибээстээх,сибээс
сибээстээхтэргэ,сибээс
сибээһи,сибээс
сибээһим,сибээс
сибээһин,сибээс
сибээһэ,сибээс
сирбит,сир
сиргэ,сир
сирдэр,сир
сирдэрбит,сир
сирдэрбитин,сир
сирдэргэ,сир
сирдэрдээх,сир
сирдэрдээхxэ,сир
сирдэри,сир
сирдэрим,сир
сирдэрин,сир
сирдэртэн,сир
сирдэрэ,сир
сирдээх,сир
сирдээхтэргэ,сир
сири,сир
сирим,сир
сирин,сир
сиртэн,сир
сирэ,сир
ситими,ситим
ситимим,ситим
ситимин,ситим
ситиммит,ситим
ситимнэр,ситим
ситимнэрбит,ситим
ситимнэрбитин,ситим
ситимнэргэ,ситим
ситимнэрдээх,ситим
ситимнэрдээхxэ,ситим
ситимнэри,ситим
ситимнэрим,ситим
ситимнэрин,ситим
ситимнэртэн,ситим
ситимнэрэ,ситим
ситимнээх,ситим
ситимнээхтэргэ,ситим
ситимтэн,ситим
ситимэ,ситим
ситимҥэ,ситим
ситиһиибит,ситиһии
ситиһиигэ,ситиһии
ситиһиилэр,ситиһии
ситиһиилэрбит,ситиһии
ситиһиилэрбитин,ситиһии
ситиһиилэргэ,ситиһии
ситиһиилэрдээх,ситиһии
ситиһиилэрдээхxэ,ситиһии
ситиһиилэри,ситиһии
ситиһиилэрим,ситиһии
ситиһиилэрин,ситиһии
ситиһиилэртэн,ситиһии
ситиһиилэрэ,ситиһии
ситиһиилээх,ситиһии
ситиһиилээхтэргэ,ситиһии
ситиһиим,ситиһии
ситиһиини,ситиһии
ситиһиитин,ситиһии
ситиһииттэн,ситиһии
ситиһиитэ,ситиһии
сиэммит,сиэн
сиэни,сиэн
сиэним,сиэн
сиэнин,сиэн
сиэннэр,сиэн
сиэннэрбит,сиэн
сиэннэрбитин,сиэн
сиэннэргэ,сиэн
сиэннэрдээх,сиэн
сиэннэрдээхxэ,сиэн
сиэннэри,сиэн
сиэннэрим,сиэн
сиэннэрин,сиэн
сиэннэртэн,сиэн
сиэннэрэ,сиэн
сиэннээх,сиэн
сиэннээхтэргэ,сиэн
сиэнтэн,сиэн
сиэнэ,сиэн
сиэҥҥэ,сиэн
сокуоммут,сокуон
сокуона,сокуон
сокуоннаах,сокуон
сокуоннаахтарга,сокуон
сокуоннар,сокуон
сокуоннара,сокуон
сокуоннарбыт,сокуон
сокуоннарбытын,сокуон
сокуоннарга,сокуон
сокуоннардаах,сокуон
сокуоннардаахxа,сокуон
сокуоннартан,сокуон
сокуоннары,сокуон
сокуоннарым,сокуон
сокуоннарын,сокуон
сокуонтан,сокуон
сокуону,сокуон
сокуонум,сокуон
сокуонун,сокуон
сокуоҥҥа,сокуон
солбуйааччыбыт,солбуйааччы
солбуйааччыга,солбуйааччы
солбуйааччылаах,солбуйааччы
солбуйааччылаахтарга,солбуйааччы
солбуйааччылар,солбуйааччы
солбуйааччылара,солбуйааччы
солбуйааччыларбыт,солбуйааччы
солбуйааччыларбытын,солбуйааччы
солбуйааччыларга,солбуйааччы
солбуйааччылардаах,солбуйааччы
солбуйааччылардаахxа,солбуйааччы
солбуйааччылартан,солбуйааччы
солбуйааччылары,солбуйааччы
солбуйааччыларым,солбуйааччы
солбуйааччыларын,солбуйааччы
солбуйааччым,солбуйааччы
солбуйааччыны,солбуйааччы
солбуйааччыта,солбуйааччы
солбуйааччыттан,солбуйааччы
солбуйааччытын,солбуйааччы
сонуммут,сонун
сонуна,сонун
сонуннаах,сонун
сонуннаахтарга,сонун
сонуннар,сонун
сонуннара,сонун
сонуннарбыт,сонун
сонуннарбытын,сонун
сонуннарга,сонун
сонуннардаах,сонун
сонуннардаахxа,сонун
сонуннартан,сонун
сонуннары,сонун
сонуннарым,сонун
сонуннарын,сонун
сонунтан,сонун
сонуну,сонун
сонунум,сонун
сонунун,сонун
сонуҥҥа,сонун
сорбут,сор
сорго,сор
сордоох,сор
сордоохторго,сор
сордор,сор
сордорбут,сор
сордорбутун,сор
сордорго,сор
сордордоох,сор
сордордоохxо,сор
сордоро,сор
сордортон,сор
сордору,сор
сордорум,сор
сордорун,сор
соро,сор
сортон,сор
сору,сор
сорум,сор
сорун,сор
судаарыстыбабыт,судаарыстыба
судаарыстыбалаах,судаарыстыба
судаарыстыбалаахтарга,судаарыстыба
судаарыстыбалар,судаарыстыба
судаарыстыбалара,судаарыстыба
судаарыстыбаларбыт,судаарыстыба
судаарыстыбаларбытын,судаарыстыба
судаарыстыбаларга,судаарыстыба
судаарыстыбалардаах,судаарыстыба
судаарыстыбалардаахxа,судаарыстыба
судаарыстыбалартан,судаарыстыба
судаарыстыбалары,судаарыстыба
судаарыстыбаларым,судаарыстыба
судаарыстыбаларын,судаарыстыба
судаарыстыбам,судаарыстыба
судаарыстыбаны,судаарыстыба
судаарыстыбата,судаарыстыба
судаарыстыбаттан,судаарыстыба
судаарыстыбатын,судаарыстыба
судаарыстыбаҕа,судаарыстыба
сулууспабыт,сулууспа
сулууспалаах,сулууспа
сулууспалаахтарга,сулууспа
сулууспалар,сулууспа
сулууспалара,сулууспа
сулууспаларбыт,сулууспа
сулууспаларбытын,сулууспа
сулууспаларга,сулууспа
сулууспалардаах,сулууспа
сулууспалардаахxа,сулууспа
сулууспалартан,сулууспа
сулууспалары,сулууспа
сулууспаларым,сулууспа
сулууспаларын,сулууспа
сулууспам,сулууспа
сулууспаны,сулууспа
сулууспата,сулууспа
сулууспаттан,сулууспа
сулууспатын,сулууспа
сулууспаҕа,сулууспа
суола,суол
суолбут,суол
суолга,суол
суоллаах,суол
суоллаахтарга,суол
суоллар,суол
суоллара,суол
суолларбыт,суол
суолларбытын,суол
суолларга,суол
суоллардаах,суол
суоллардаахxа,суол
суоллартан,суол
суоллары,суол
суолларым,суол
суолларын,суол
суолтабыт,суолта
суолталаах,суолта
суолталаахтарга,суолта
суолталар,суолта
суолталара,суолта
суолталарбыт,суолта
суолталарбытын,суолта
суолталарга,суолта
суолталардаах,суолта
суолталардаахxа,суолта
суолталартан,суолта
суолталары,суолта
суолталарым,суолта
суолталарын,суолта
суолтам,суолта
суолтан,суол
суолтаны,суолта
суолтата,суолта
суолтаттан,суолта
суолтатын,суолта
суолтаҕа,суолта
суолу,суол
суолум,суол
суолун,суол
суруга,сурук
суругу,сурук
суругум,сурук
суругун,сурук
сурукка,сурук
сурукпут,сурук
суруктаах,сурук
суруктаахтарга,сурук
суруктан,сурук
суруктар,сурук
суруктара,сурук
суруктарбыт,сурук
суруктарбытын,сурук
суруктарга,сурук
суруктардаах,сурук
суруктардаахxа,сурук
суруктартан,сурук
суруктары,сурук
суруктарым,сурук
суруктарын,сурук
сурунаала,сурунаал
сурунаалбыт,сурунаал
сурунаалга,сурунаал
сурунааллаах,сурунаал
сурунааллаахтарга,сурунаал
сурунааллар,сурунаал
сурунааллара,сурунаал
сурунаалларбыт,сурунаал
сурунаалларбытын,сурунаал
сурунаалларга,сурунаал
сурунааллардаах,сурунаал
сурунааллардаахxа,сурунаал
сурунааллартан,сурунаал
сурунааллары,сурунаал
сурунаалларым,сурунаал
сурунаалларын,сурунаал
сурунаалтан,сурунаал
сурунаалы,сурунаал
сурунаалым,сурунаал
сурунаалын,сурунаал
сыала,сыал
сыалбыт,сыал
сыалга,сыал
сыаллаах,сыал
сыаллаахтарга,сыал
сыаллар,сыал
сыаллара,сыал
сыалларбыт,сыал
сыалларбытын,сыал
сыалларга,сыал
сыаллардаах,сыал
сыаллардаахxа,сыал
сыаллартан,сыал
сыаллары,сыал
сыалларым,сыал
сыалларын,сыал
сыалтан,сыал
сыалы,сыал
сыалым,сыал
сыалын,сыал
сыанабыт,сыана
сыаналаах,сыана
сыаналаахтарга,сыана
сыаналар,сыана
сыаналара,сыана
сыаналарбыт,сыана
сыаналарбытын,сыана
сыаналарга,сыана
сыаналардаах,сыана
сыаналардаахxа,сыана
сыаналартан,сыана
сыаналары,сыана
сыаналарым,сыана
сыаналарын,сыана
сыанам,сыана
сыананы,сыана
сыаната,сыана
сыанаттан,сыана
сыанатын,сыана
сыанаҕа,сыана
сыла,сыл
сылбыт,сыл
сылга,сыл
сыллаах,сыл
сыллаахтарга,сыл
сыллар,сыл
сыллара,сыл
сылларбыт,сыл
сылларбытын,сыл
сылларга,сыл
сыллардаах,сыл
сыллардаахxа,сыл
сыллартан,сыл
сыллары,сыл
сылларым,сыл
сылларын,сыл
сылтан,сыл
сылы,сыл
сылым,сыл
сылын,сыл
сэргэбит,сэргэ
сэргэлэр,сэргэ
сэргэлэрбит,сэргэ
сэргэлэрбитин,сэргэ
сэргэлэргэ,сэргэ
сэргэлэрдээх,сэргэ
сэргэлэрдээхxэ,сэргэ
сэргэлэри,сэргэ
сэргэлэрим,сэргэ
сэргэлэрин,сэргэ
сэргэлэртэн,сэргэ
сэргэлэрэ,сэргэ
сэргэлээх,сэргэ
сэргэлээхтэргэ,сэргэ
сэргэм,сэргэ
сэргэни,сэргэ
сэргэтин,сэргэ
сэргэттэн,сэргэ
сэргэтэ,сэргэ
сэргэҕэ,сэргэ
сэриибит,сэрии
сэриигэ,сэрии
сэриилэр,сэрии
сэриилэрбит,сэрии
сэриилэрбитин,сэрии
сэриилэргэ,сэрии
сэриилэрдээх,сэрии
сэриилэрдээхxэ,сэрии
сэриилэри,сэрии
сэриилэрим,сэрии
сэриилэрин,сэрии
сэриилэртэн,сэрии
сэриилэрэ,сэрии
сэриилээх,сэрии
сэриилээхтэргэ,сэрии
сэриим,сэрии
сэриини,сэрии
сэриитин,сэрии
сэрииттэн,сэрии
сэриитэ,сэрии
сүрэхxэ,сүрэх
сүрэхпит,сүрэх
сүрэхтэн,сүрэх
сүрэхтэр,сүрэх
сүрэхтэрбит,сүрэх
сүрэхтэрбитин,сүрэх
сүрэхтэргэ,сүрэх
сүрэхтэрдээх,сүрэх
сүрэхтэрдээхxэ,сүрэх
сүрэхтэри,сүрэх
сүрэхтэрим,сүрэх
сүрэхтэрин,сүрэх
сүрэхтэртэн,сүрэх
сүрэхтэрэ,сүрэх
сүрэхтээх,сүрэх
сүрэхтээхтэргэ,сүрэх
сүрэҕи,сүрэх
сүрэҕим,сүрэх
сүрэҕин,сүрэх
сүрэҕэ,сүрэх
сүрүммүт,сүрүн
сүрүннэр,сүрүн
сүрүннэрбит,сүрүн
сүрүннэрбитин,сүрүн
сүрүннэргэ,сүрүн
сүрүннэрдээх,сүрүн
сүрүннэрдээхxэ,сүрүн
сүрүннэри,сүрүн
сүрүннэрим,сүрүн
сүрүннэрин,сүрүн
сүрүннэртэн,сүрүн
сүрүннэрэ,сүрүн
сүрүннээх,сүрүн
сүрүннээхтэргэ,сүрүн
сүрүнтэн,сүрүн
сүрүнэ,сүрүн
сүрүнү,сүрүн
сүрүнүм,сүрүн
сүрүнүн,сүрүн
сүрүҥҥэ,сүрүн
сүөһүбүт,сүөһү
сүөһүгэ,сүөһү
сүөһүлэр,сүөһү
сүөһүлэрбит,сүөһү
сүөһүлэрбитин,сүөһү
сүөһүлэргэ,сүөһү
сүөһүлэрдээх,сүөһү
сүөһүлэрдээхxэ,сүөһү
сүөһүлэри,сүөһү
сүөһүлэрим,сүөһү
сүөһүлэрин,сүөһү
сүөһүлэртэн,сүөһү
сүөһүлэрэ,сүөһү
сүөһүлээх,сүөһү
сүөһүлээхтэргэ,сүөһү
сүөһүм,сүөһү
сүөһүнү,сүөһү
сүөһүттэн,сүөһү
сүөһүтэ,сүөһү
сүөһүтүн,сүөһү
табабыт,таба
табалаах,таба
табалаахтарга,таба
табалар,таба
табалара,таба
табаларбыт,таба
табаларбытын,таба
табаларга,таба
табалардаах,таба
табалардаахxа,таба
табалартан,таба
табалары,таба
табаларым,таба
табаларын,таба
табам,таба
табаны,таба
табата,таба
табаттан,таба
табатын,таба
табаҕа,таба
таҥаска,таҥас
таҥаспыт,таҥас
таҥастаах,таҥас
таҥастаахтарга,таҥас
таҥастан,таҥас
таҥастар,таҥас
таҥастара,таҥас
таҥастарбыт,таҥас
таҥастарбытын,таҥас
таҥастарга,таҥас
таҥастардаах,таҥас
таҥастардаахxа,таҥас
таҥастартан,таҥас
таҥастары,таҥас
таҥастарым,таҥас
таҥастарын,таҥас
таҥаһа,таҥас
таҥаһы,таҥас
таҥаһым,таҥас
таҥаһын,таҥас
таһыма,таһым
таһыммыт,таһым
таһымнаах,таһым
таһымнаахтарга,таһым
таһымнар,таһым
таһымнара,таһым
таһымнарбыт,таһым
таһымнарбытын,таһым
таһымнарга,таһым
таһымнардаах,таһым
таһымнардаахxа,таһым
таһымнартан,таһым
таһымнары,таһым
таһымнарым,таһым
таһымнарын,таһым
таһымтан,таһым
таһымы,таһым
таһымым,таһым
таһымын,таһым
таһымҥа,таһым
тииҥи,тииҥ
тииҥим,тииҥ
тииҥин,тииҥ
тииҥнэр,тииҥ
тииҥнэрбит,тииҥ
тииҥнэрбитин,тииҥ
тииҥнэргэ,тииҥ
тииҥнэрдээх,тииҥ
тииҥнэрдээхxэ,тииҥ
тииҥнэри,тииҥ
тииҥнэрим,тииҥ
тииҥнэрин,тииҥ
тииҥнэртэн,тииҥ
тииҥнэрэ,тииҥ
тииҥнээх,тииҥ
тииҥнээхтэргэ,тииҥ
тииҥтэн,тииҥ
тииҥэ,тииҥ
тииҥҥит,тииҥ
тииҥҥэ,тииҥ
тимирбит,тимир
тимиргэ,тимир
тимирдэр,тимир
тимирдэрбит,тимир
тимирдэрбитин,тимир
тимирдэргэ,тимир
тимирдэрдээх,тимир
тимирдэрдээхxэ,тимир
тимирдэри,тимир
тимирдэрим,тимир
тимирдэрин,тимир
тимирдэртэн,тимир
тимирдэрэ,тимир
тимирдээх,тимир
тимирдээхтэргэ,тимир
тимири,тимир
тимирим,тимир
тимирин,тимир
тимиртэн,тимир
тимирэ,тимир
туоһубут,туоһу
туоһуга,туоһу
туоһулаах,туоһу
туоһулаахтарга,туоһу
туоһулар,туоһу
туоһулара,туоһу
туоһуларбыт,туоһу
туоһуларбытын,туоһу
туоһуларга,туоһу
туоһулардаах,туоһу
туоһулардаахxа,туоһу
туоһулартан,туоһу
туоһулары,туоһу
туоһуларым,туоһу
туоһуларын,туоһу
туоһум,туоһу
туоһуну,туоһу
туоһута,туоһу
туоһуттан,туоһу
туоһутун,туоһу
тутула,тутул
тутулбут,тутул
тутулга,тутул
тутуллаах,тутул
тутуллаахтарга,тутул
тутуллар,тутул
тутуллара,тутул
тутулларбыт,тутул
тутулларбытын,тутул
тутулларга,тутул
тутуллардаах,тутул
тутуллардаахxа,тутул
тутуллартан,тутул
тутуллары,тутул
тутулларым,тутул
тутулларын,тутул
тутултан,тутул
тутулу,тутул
тутулум,тутул
тутулун,тутул
тутуубут,тутуу
тутууга,тутуу
тутуулаах,тутуу
тутуулаахтарга,тутуу
тутуулар,тутуу
тутуулара,тутуу
тутууларбыт,тутуу
тутууларбытын,тутуу
тутууларга,тутуу
тутуулардаах,тутуу
тутуулардаахxа,тутуу
тутуулартан,тутуу
тутуулары,тутуу
тутууларым,тутуу
тутууларын,тутуу
тутуум,тутуу
тутууну,тутуу
тутуута,тутуу
тутууттан,тутуу
тутуутун,тутуу
тыабыт,тыа
тыалаах,тыа
тыалаахтарга,тыа
тыалар,тыа
тыалара,тыа
тыаларбыт,тыа
тыаларбытын,тыа
тыаларга,тыа
тыалардаах,тыа
тыалардаахxа,тыа
тыалартан,тыа
тыалары,тыа
тыаларым,тыа
тыаларын,тыа
тыам,тыа
тыаны,тыа
тыата,тыа
тыаттан,тыа
тыатын,тыа
тыаҕа,тыа
тыйаатыра,тыйаатыр
тыйаатырбыт,тыйаатыр
тыйаатырга,тыйаатыр
тыйаатырдаах,тыйаатыр
тыйаатырдаахтарга,тыйаатыр
тыйаатырдар,тыйаатыр
тыйаатырдара,тыйаатыр
тыйаатырдарбыт,тыйаатыр
тыйаатырдарбытын,тыйаатыр
тыйаатырдарга,тыйаатыр
тыйаатырдардаах,тыйаатыр
тыйаатырдардаахxа,тыйаатыр
тыйаатырдартан,тыйаатыр
тыйаатырдары,тыйаатыр
тыйаатырдарым,тыйаатыр
тыйаатырдарын,тыйаатыр
тыйаатыртан,тыйаатыр
тыйаатыры,тыйаатыр
тыйаатырым,тыйаатыр
тыйаатырын,тыйаатыр
тыла,тыл
тылбааска,тылбаас
тылбааспыт,тылбаас
тылбаастаах,тылбаас
тылбаастаахтарга,тылбаас
тылбаастан,тылбаас
тылбаастар,тылбаас
тылбаастара,тылбаас
тылбаастарбыт,тылбаас
тылбаастарбытын,тылбаас
тылбаастарга,тылбаас
тылбаастардаах,тылбаас
тылбаастардаахxа,тылбаас
тылбаастартан,тылбаас
тылбаастары,тылбаас
тылбаастарым,тылбаас
тылбаастарын,тылбаас
тылбааһа,тылбаас
тылбааһы,тылбаас
тылбааһым,тылбаас
тылбааһын,тылбаас
тылбыт,тыл
тылга,тыл
тыллаах,тыл
тыллаахтарга,тыл
тыллар,тыл
тыллара,тыл
тылларбыт,тыл
тылларбытын,тыл
тылларга,тыл
тыллардаах,тыл
тыллардаахxа,тыл
тыллартан,тыл
тыллары,тыл
тылларым,тыл
тылларын,тыл
тылтан,тыл
тылы,тыл
тылым,тыл
тылын,тыл
тыыбыт,тыы
тыыга,тыы
тыылаах,тыы
тыылаахтарга,тыы
тыылар,тыы
тыылара,тыы
тыыларбыт,тыы
тыыларбытын,тыы
тыыларга,тыы
тыылардаах,тыы
тыылардаахxа,тыы
тыылартан,тыы
тыылары,тыы
тыыларым,тыы
тыыларын,тыы
тыым,тыы
тыыммыт,тыын
тыына,тыын
тыыннаах,тыын
тыыннаахтарга,тыын
тыыннар,тыын
тыыннара,тыын
тыыннарбыт,тыын
тыыннарбытын,тыын
тыыннарга,тыын
тыыннардаах,тыын
тыыннардаахxа,тыын
тыыннартан,тыын
тыыннары,тыын
тыыннарым,тыын
тыыннарын,тыын
тыынтан,тыын
тыыны,тыы
тыыны,тыын
тыыным,тыын
тыынын,тыын
тыыта,тыы
тыыттан,тыы
тыытын,тыы
тыыҥҥа,тыын
тыһыынчабыт,тыһыынча
тыһыынчалаах,тыһыынча
тыһыынчалаахтарга,тыһыынча
тыһыынчалар,тыһыынча
тыһыынчалара,тыһыынча
тыһыынчаларбыт,тыһыынча
тыһыынчаларбытын,тыһыынча
тыһыынчаларга,тыһыынча
тыһыынчалардаах,тыһыынча
тыһыынчалардаахxа,тыһыынча
тыһыынчалартан,тыһыынча
тыһыынчалары,тыһыынча
тыһыынчаларым,тыһыынча
тыһыынчаларын,тыһыынча
тыһыынчам,тыһыынча
тыһыынчаны,тыһыынча
тыһыынчата,тыһыынча
тыһыынчаттан,тыһыынча
тыһыынчатын,тыһыынча
тыһыынчаҕа,тыһыынча
тэрилбит,тэрил
тэрилгэ,тэрил
тэрили,тэрил
тэрилим,тэрил
тэрилин,тэрил
тэриллиибит,тэриллии
тэриллиигэ,тэриллии
тэриллиилэр,тэриллии
тэриллиилэрбит,тэриллии
тэриллиилэрбитин,тэриллии
тэриллиилэргэ,тэриллии
тэриллиилэрдээх,тэриллии
тэриллиилэрдээхxэ,тэриллии
тэриллиилэри,тэриллии
тэриллиилэрим,тэриллии
тэриллиилэрин,тэриллии
тэриллиилэртэн,тэриллии
тэриллиилэрэ,тэриллии
тэриллиилээх,тэриллии
тэриллиилээхтэргэ,тэриллии
тэриллиим,тэриллии
тэриллиини,тэриллии
тэриллиитин,тэриллии
тэриллииттэн,тэриллии
тэриллиитэ,тэриллии
тэриллэр,тэрил
тэриллэрбит,тэрил
тэриллэрбитин,тэрил
тэриллэргэ,тэрил
тэриллэрдээх,тэрил
тэриллэрдээхxэ,тэрил
тэриллэри,тэрил
тэриллэрим,тэрил
тэриллэрин,тэрил
тэриллэртэн,тэрил
тэриллэрэ,тэрил
тэриллээх,тэрил
тэриллээхтэргэ,тэрил
тэрилтэбит,тэрилтэ
тэрилтэлэр,тэрилтэ
тэрилтэлэрбит,тэрилтэ
тэрилтэлэрбитин,тэрилтэ
тэрилтэлэргэ,тэрилтэ
тэрилтэлэрдээх,тэрилтэ
тэрилтэлэрдээхxэ,тэрилтэ
тэрилтэлэри,тэрилтэ
тэрилтэлэрим,тэрилтэ
тэрилтэлэрин,тэрилтэ
тэрилтэлэртэн,тэрилтэ
тэрилтэлэрэ,тэрилтэ
тэрилтэлээх,тэрилтэ
тэрилтэлээхтэргэ,тэрилтэ
тэрилтэм,тэрилтэ
тэрилтэн,тэрил
тэрилтэни,тэрилтэ
тэрилтэтин,тэрилтэ
тэрилтэттэн,тэрилтэ
тэрилтэтэ,тэрилтэ
тэрилтэҕэ,тэрилтэ
тэрилэ,тэрил
түмүгэ,түмүк
түмүгү,түмүк
түмүгүм,түмүк
түмүгүн,түмүк
түмүккэ,түмүк
түмүкпүт,түмүк
түмүктэн,түмүк
түмүктэр,түмүк
түмүктэрбит,түмүк
түмүктэрбитин,түмүк
түмүктэргэ,түмүк
түмүктэрдээх,түмүк
түмүктэрдээхxэ,түмүк
түмүктэри,түмүк
түмүктэрим,түмүк
түмүктэрин,түмүк
түмүктэртэн,түмүк
түмүктэрэ,түмүк
түмүктээх,түмүк
түмүктээхтэргэ,түмүк
түүбүт,түү
түүгэ,түү
түүлэр,түү
түүлэрбит,түү
түүлэрбитин,түү
түүлэргэ,түү
түүлэрдээх,түү
түүлэрдээхxэ,түү
түүлэри,түү
түүлэрим,түү
түүлэрин,түү
түүлэртэн,түү
түүлэрэ,түү
түүлээх,түү
түүлээхтэргэ,түү
түүм,түү
түүммүт,түүн
түүннэр,түүн
түүннэрбит,түүн
түүннэрбитин,түүн
түүннэргэ,түүн
түүннэрдээх,түүн
түүннэрдээхxэ,түүн
түүннэри,түүн
түүннэрим,түүн
түүннэрин,түүн
түүннэртэн,түүн
түүннэрэ,түүн
түүннээх,түүн
түүннээхтэргэ,түүн
түүнтэн,түүн
түүнэ,түүн
түүнү,түү
түүнү,түүн
түүнүм,түүн
түүнүүн,түүн
түүттэн,түү
түүтэ,түү
түүтүүн,түү
түүҥҥэ,түүн
төрүккэ,төрүт
төрүппүт,төрүт
төрүттэн,төрүт
төрүттэр,төрүт
төрүттэрбит,төрүт
төрүттэрбитин,төрүт
төрүттэргэ,төрүт
төрүттэрдээх,төрүт
төрүттэрдээхxэ,төрүт
төрүттэри,төрүт
төрүттэрим,төрүт
төрүттэрин,төрүт
төрүттэртэн,төрүт
төрүттэрэ,төрүт
төрүттээх,төрүт
төрүттээхтэргэ,төрүт
төрүтэ,төрүт
төрүтү,төрүт
төрүтүм,төрүт
төрүтүн,төрүт
төрөппүккэ,төрөппүт
төрөппүппүт,төрөппүт
төрөппүттэн,төрөппүт
төрөппүттэр,төрөппүт
төрөппүттэрбит,төрөппүт
төрөппүттэрбитин,төрөппүт
төрөппүттэргэ,төрөппүт
төрөппүттэрдээх,төрөппүт
төрөппүттэрдээхxэ,төрөппүт
төрөппүттэри,төрөппүт
төрөппүттэрим,төрөппүт
төрөппүттэрин,төрөппүт
төрөппүттэртэн,төрөппүт
төрөппүттэрэ,төрөппүт
төрөппүттээх,төрөппүт
төрөппүттээхтэргэ,төрөппүт
төрөппүтэ,төрөппүт
төрөппүтү,төрөппүт
төрөппүтүм,төрөппүт
төрөппүтүн,төрөппүт
улахаммыт,улахан
улахана,улахан
улаханнаах,улахан
улаханнаахтарга,улахан
улаханнар,улахан
улаханнара,улахан
улаханнарбыт,улахан
улаханнарбытын,улахан
улаханнарга,улахан
улаханнардаах,улахан
улаханнардаахxа,улахан
улаханнартан,улахан
улаханнары,улахан
улаханнарым,улахан
улаханнарын,улахан
улахантан,улахан
улаханы,улахан
улаханым,улахан
улаханын,улахан
улахаҥҥа,улахан
улууска,улуус
улууспут,улуус
улуустаах,улуус
улуустаахтарга,улуус
улуустан,улуус
улуустар,улуус
улуустара,улуус
улуустарбыт,улуус
улуустарбытын,улуус
улуустарга,улуус
улуустардаах,улуус
улуустардаахxа,улуус
улуустартан,улуус
улуустары,улуус
улуустарым,улуус
улуустарын,улуус
улууһа,улуус
улууһу,улуус
улууһум,улуус
улууһун,улуус
уокка,уот
уола,уол
уолаттар,уол
уолаттара,уол
уолаттарбыт,уол
уолаттарбытын,уол
уолаттарга,уол
уолаттардаах,уол
уолаттардаахxа,уол
уолаттартан,уол
уолаттары,уол
уолаттарым,уол
уолаттарын,уол
уолбут,уол
уолга,уол
уоллаах,уол
уоллаахтарга,уол
уолтан,уол
уолу,уол
уолум,уол
уолун,уол
уоммут,уон
уона,уон
уоннаах,уон
уоннаахтарга,уон
уоннар,уон
уоннара,уон
уоннарбыт,уон
уоннарбытын,уон
уоннарга,уон
уоннардаах,уон
уоннардаахxа,уон
уоннартан,уон
уоннары,уон
уоннарым,уон
уоннарын,уон
уонтан,уон
уону,уон
уонум,уон
уонун,уон
уоппут,уот
уота,уот
уоттаах,уот
уоттаахтарга,уот
уоттан,уот
уоттар,уот
уоттара,уот
уоттарбыт,уот
уоттарбытын,уот
уоттарга,уот
уоттардаах,уот
уоттардаахxа,уот
уоттартан,уот
уоттары,уот
уоттарым,уот
уоттарын,уот
уоту,уот
уотум,уот
уотун,уот
уоҥҥа,уон
устуубут,устуу
устууга,устуу
устуулаах,устуу
устуулаахтарга,устуу
устуулар,устуу
устуулара,устуу
устууларбыт,устуу
устууларбытын,устуу
устууларга,устуу
устуулардаах,устуу
устуулардаахxа,устуу
устуулартан,устуу
устуулары,устуу
устууларым,устуу
устууларын,устуу
устуум,устуу
устууну,устуу
устуута,устуу
устууттан,устуу
устуутун,устуу
уулуссабыт,уулусса
уулуссалаах,уулусса
уулуссалаахтарга,уулусса
уулуссалар,уулусса
уулуссалара,уулусса
уулуссаларбыт,уулусса
уулуссаларбытын,уулусса
уулуссаларга,уулусса
уулуссалардаах,уулусса
уулуссалардаахxа,уулусса
уулуссалартан,уулусса
уулуссалары,уулусса
уулуссаларым,уулусса
уулуссаларын,уулусса
уулуссам,уулусса
уулуссаны,уулусса
уулуссата,уулусса
уулуссаттан,уулусса
уулуссатын,уулусса
уулуссаҕа,уулусса
ууска,уус
ууспут,уус
уустаах,уус
уустаахтарга,уус
уустан,уус
уустар,уус
уустара,уус
уустарбыт,уус
уустарбытын,уус
уустарга,уус
уустардаах,уус
уустардаахxа,уус
уустартан,уус
уустары,уус
уустарым,уус
уустарын,уус
ууһа,уус
ууһу,уус
ууһум,уус
ууһун,уус
учуутала,учуутал
учууталбыт,учуутал
учууталга,учуутал
учууталлаах,учуутал
учууталлаахтарга,учуутал
учууталлар,учуутал
учууталлара,учуутал
учууталларбыт,учуутал
учууталларбытын,учуутал
учууталларга,учуутал
учууталлардаах,учуутал
учууталлардаахxа,учуутал
учууталлартан,учуутал
учууталлары,учуутал
учууталларым,учуутал
учууталларын,учуутал
учууталтан,учуутал
учууталы,учуутал
учууталым,учуутал
учууталын,учуутал
хаартыскабыт,хаартыска
хаартыскалаах,хаартыска
хаартыскалаахтарга,хаартыска
хаартыскалар,хаартыска
хаартыскалара,хаартыска
хаартыскаларбыт,хаартыска
хаартыскаларбытын,хаартыска
хаартыскаларга,хаартыска
хаартыскалардаах,хаартыска
хаартыскалардаахxа,хаартыска
хаартыскалартан,хаартыска
хаартыскалары,хаартыска
хаартыскаларым,хаартыска
хаартыскаларын,хаартыска
хаартыскам,хаартыска
хаартысканы,хаартыска
хаартыската,хаартыска
хаартыскаттан,хаартыска
хаартыскатын,хаартыска
хаартыскаҕа,хаартыска
хайабыт,хайа
хайалаах,хайа
хайалаахтарга,хайа
хайалар,хайа
хайалара,хайа
хайаларбыт,хайа
хайаларбытын,хайа
хайаларга,хайа
хайалардаах,хайа
хайалардаахxа,хайа
хайалартан,хайа
хайалары,хайа
хайаларым,хайа
хайаларын,хайа
хайам,хайа
хайаны,хайа
хайата,хайа
хайаттан,хайа
хайатын,хайа
хайаҕа,хайа
хайысхабыт,хайысха
хайысхалаах,хайысха
хайысхалаахтарга,хайысха
хайысхалар,хайысха
хайысхалара,хайысха
хайысхаларбыт,хайысха
хайысхаларбытын,хайысха
хайысхаларга,хайысха
хайысхалардаах,хайысха
хайысхалардаахxа,хайысха
хайысхалартан,хайысха
хайысхалары,хайысха
хайысхаларым,хайысха
хайысхаларын,хайысха
хайысхам,хайысха
хайысханы,хайысха
хайысхата,хайысха
хайысхаттан,хайысха
хайысхатын,хайысха
хайысхаҕа,хайысха
хамаандабыт,хамаанда
хамаандалаах,хамаанда
хамаандалаахтарга,хамаанда
хамаандалар,хамаанда
хамаандалара,хамаанда
хамаандаларбыт,хамаанда
хамаандаларбытын,хамаанда
хамаандаларга,хамаанда
хамаандалардаах,хамаанда
хамаандалардаахxа,хамаанда
хамаандалартан,хамаанда
хамаандалары,хамаанда
хамаандаларым,хамаанда
хамаандаларын,хамаанда
хамаандам,хамаанда
хамаанданы,хамаанда
хамаандата,хамаанда
хамаандаттан,хамаанда
хамаандатын,хамаанда
хамаандаҕа,хамаанда
харчыбыт,харчы
харчыга,харчы
харчылаах,харчы
харчылаахтарга,харчы
харчылар,харчы
харчылара,харчы
харчыларбыт,харчы
харчыларбытын,харчы
харчыларга,харчы
харчылардаах,харчы
харчылардаахxа,харчы
харчылартан,харчы
харчылары,харчы
харчыларым,харчы
харчыларын,харчы
харчым,харчы
харчыны,харчы
харчыта,харчы
харчыттан,харчы
харчытын,харчы
хаһаайыстыбабыт,хаһаайыстыба
хаһаайыстыбалаах,хаһаайыстыба
хаһаайыстыбалаахтарга,хаһаайыстыба
хаһаайыстыбалар,хаһаайыстыба
хаһаайыстыбалара,хаһаайыстыба
хаһаайыстыбаларбыт,хаһаайыстыба
хаһаайыстыбаларбытын,хаһаайыстыба
хаһаайыстыбаларга,хаһаайыстыба
хаһаайыстыбалардаах,хаһаайыстыба
хаһаайыстыбалардаахxа,хаһаайыстыба
хаһаайыстыбалартан,хаһаайыстыба
хаһаайыстыбалары,хаһаайыстыба
хаһаайыстыбаларым,хаһаайыстыба
хаһаайыстыбаларын,хаһаайыстыба
хаһаайыстыбам,хаһаайыстыба
хаһаайыстыбаны,хаһаайыстыба
хаһаайыстыбата,хаһаайыстыба
хаһаайыстыбаттан,хаһаайыстыба
хаһаайыстыбатын,хаһаайыстыба
хаһаайыстыбаҕа,хаһаайыстыба
хаһыакка,хаһыат
хаһыаппыт,хаһыат
хаһыата,хаһыат
хаһыаттаах,хаһыат
хаһыаттаахтарга,хаһыат
хаһыаттан,хаһыат
хаһыаттар,хаһыат
хаһыаттара,хаһыат
хаһыаттарбыт,хаһыат
хаһыаттарбытын,хаһыат
хаһыаттарга,хаһыат
хаһыаттардаах,хаһыат
хаһыаттардаахxа,хаһыат
хаһыаттартан,хаһыат
хаһыаттары,хаһыат
хаһыаттарым,хаһыат
хаһыаттарын,хаһыат
хаһыаты,хаһыат
хаһыатым,хаһыат
хаһыатын,хаһыат
холобура,холобур
холобурбут,холобур
холобурга,холобур
холобурдаах,холобур
холобурдаахтарга,холобур
холобурдар,холобур
холобурдара,холобур
холобурдарбыт,холобур
холобурдарбытын,холобур
холобурдарга,холобур
холобурдардаах,холобур
холобурдардаахxа,холобур
холобурдартан,холобур
холобурдары,холобур
холобурдарым,холобур
холобурдарын,холобур
холобуртан,холобур
холобуру,холобур
холобурум,холобур
холобурун,холобур
хонтуруола,хонтуруол
хонтуруолбут,хонтуруол
хонтуруолга,хонтуруол
хонтуруоллаах,хонтуруол
хонтуруоллаахтарга,хонтуруол
хонтуруоллар,хонтуруол
хонтуруоллара,хонтуруол
хонтуруолларбыт,хонтуруол
хонтуруолларбытын,хонтуруол
хонтуруолларга,хонтуруол
хонтуруоллардаах,хонтуруол
хонтуруоллардаахxа,хонтуруол
хонтуруоллартан,хонтуруол
хонтуруоллары,хонтуруол
хонтуруолларым,хонтуруол
хонтуруолларын,хонтуруол
хонтуруолтан,хонтуруол
хонтуруолу,хонтуруол
хонтуруолум,хонтуруол
хонтуруолун,хонтуруол
хотуммут,хотун
хотуна,хотун
хотуннаах,хотун
хотуннаахтарга,хотун
хотунтан,хотун
хотуну,хотун
хотунум,хотун
хотунун,хотун
хотуттар,хотун
хотуттара,хотун
хотуттарбыт,хотун
хотуттарбытын,хотун
хотуттарга,хотун
хотуттардаах,хотун
хотуттардаахxа,хотун
хотуттартан,хотун
хотуттары,хотун
хотуттарым,хотун
хотуттарын,хотун
хотуҥҥа,хотун
чааска,чаас
чааспыт,чаас
чаастаах,чаас
чаастаахтарга,чаас
чаастан,чаас
чаастар,чаас
чаастара,чаас
чаастарбыт,чаас
чаастарбытын,чаас
чаастарга,чаас
чаастардаах,чаас
чаастардаахxа,чаас
чаастартан,чаас
чаастары,чаас
чаастарым,чаас
чаастарын,чаас
чааһа,чаас
чааһы,чаас
чааһым,чаас
чааһын,чаас
чөмпүйэммит,чөмпүйэн
чөмпүйэни,чөмпүйэн
чөмпүйэним,чөмпүйэн
чөмпүйэнин,чөмпүйэн
чөмпүйэннэр,чөмпүйэн
чөмпүйэннэрбит,чөмпүйэн
чөмпүйэннэрбитин,чөмпүйэн
чөмпүйэннэргэ,чөмпүйэн
чөмпүйэннэрдээх,чөмпүйэн
чөмпүйэннэрдээхxэ,чөмпүйэн
чөмпүйэннэри,чөмпүйэн
чөмпүйэннэрим,чөмпүйэн
чөмпүйэннэрин,чөмпүйэн
чөмпүйэннэртэн,чөмпүйэн
чөмпүйэннэрэ,чөмпүйэн
чөмпүйэннээх,чөмпүйэн
чөмпүйэннээхтэргэ,чөмпүйэн
чөмпүйэнтэн,чөмпүйэн
чөмпүйэнэ,чөмпүйэн
чөмпүйэҥҥэ,чөмпүйэн
ыала,ыал
ыалбыт,ыал
ыалга,ыал
ыаллаах,ыал
ыаллаахтарга,ыал
ыаллар,ыал
ыаллара,ыал
ыалларбыт,ыал
ыалларбытын,ыал
ыалларга,ыал
ыаллардаах,ыал
ыаллардаахxа,ыал
ыаллартан,ыал
ыаллары,ыал
ыалларым,ыал
ыалларын,ыал
ыалтан,ыал
ыалы,ыал
ыалым,ыал
ыалын,ыал
ыаска,ыас
ыаспыт,ыас
ыастаах,ыас
ыастаахтарга,ыас
ыастан,ыас
ыастар,ыас
ыастара,ыас
ыастарбыт,ыас
ыастарбытын,ыас
ыастарга,ыас
ыастардаах,ыас
ыастардаахxа,ыас
ыастартан,ыас
ыастары,ыас
ыастарым,ыас
ыастарын,ыас
ыаһа,ыас
ыаһы,ыас
ыаһым,ыас
ыаһын,ыас
ыйытыыбыт,ыйытыы
ыйытыыга,ыйытыы
ыйытыылаах,ыйытыы
ыйытыылаахтарга,ыйытыы
ыйытыылар,ыйытыы
ыйытыылара,ыйытыы
ыйытыыларбыт,ыйытыы
ыйытыыларбытын,ыйытыы
ыйытыыларга,ыйытыы
ыйытыылардаах,ыйытыы
ыйытыылардаахxа,ыйытыы
ыйытыылартан,ыйытыы
ыйытыылары,ыйытыы
ыйытыыларым,ыйытыы
ыйытыыларын,ыйытыы
ыйытыым,ыйытыы
ыйытыыны,ыйытыы
ыйытыыта,ыйытыы
ыйытыыттан,ыйытыы
ыйытыытын,ыйытыы
ырыабыт,ырыа
ырыалаах,ырыа
ырыалаахтарга,ырыа
ырыалар,ырыа
ырыалара,ырыа
ырыаларбыт,ырыа
ырыаларбытын,ырыа
ырыаларга,ырыа
ырыалардаах,ырыа
ырыалардаахxа,ырыа
ырыалартан,ырыа
ырыалары,ырыа
ырыаларым,ырыа
ырыаларын,ырыа
ырыам,ырыа
ырыаны,ырыа
ырыата,ырыа
ырыаттан,ырыа
ырыатын,ырыа
ырыаҕа,ырыа
ыччакка,ыччат
ыччаппыт,ыччат
ыччата,ыччат
ыччаттаах,ыччат
ыччаттаахтарга,ыччат
ыччаттан,ыччат
ыччаттар,ыччат
ыччаттара,ыччат
ыччаттарбыт,ыччат
ыччаттарбытын,ыччат
ыччаттарга,ыччат
ыччаттардаах,ыччат
ыччаттардаахxа,ыччат
ыччаттартан,ыччат
ыччаттары,ыччат
ыччаттарым,ыччат
ыччаттарын,ыччат
ыччаты,ыччат
ыччатым,ыччат
ыччатын,ыччат
эбэбит,эбэ
эбэлэр,эбэ
эбэлэрбит,эбэ
эбэлэрбитин,эбэ
эбэлэргэ,эбэ
эбэлэрдээх,эбэ
эбэлэрдээхxэ,эбэ
эбэлэри,эбэ
эбэлэрим,эбэ
эбэлэрин,эбэ
эбэлэртэн,эбэ
эбэлэрэ,эбэ
эбэлээх,эбэ
эбэлээхтэргэ,эбэ
эбэм,эбэ
эбэни,эбэ
эбэтин,эбэ
эбэттэн,эбэ
эбэтэ,эбэ
эбэҕэ,эбэ
эйгэбит,эйгэ
эйгэлэр,эйгэ
эйгэлэрбит,эйгэ
эйгэлэрбитин,эйгэ
эйгэлэргэ,эйгэ
эйгэлэрдээх,эйгэ
эйгэлэрдээхxэ,эйгэ
эйгэлэри,эйгэ
эйгэлэрим,эйгэ
эйгэлэрин,эйгэ
эйгэлэртэн,эйгэ
эйгэлэрэ,эйгэ
эйгэлээх,эйгэ
эйгэлээхтэргэ,эйгэ
эйгэм,эйгэ
эйгэни,эйгэ
эйгэтин,эйгэ
эйгэттэн,эйгэ
эйгэтэ,эйгэ
эйгэҕэ,эйгэ
эйэбит,эйэ
эйэлэр,эйэ
эйэлэрбит,эйэ
эйэлэрбитин,эйэ
эйэлэргэ,эйэ
эйэлэрдээх,эйэ
эйэлэрдээхxэ,эйэ
эйэлэри,эйэ
эйэлэрим,эйэ
эйэлэрин,эйэ
эйэлэртэн,эйэ
эйэлэрэ,эйэ
эйэлээх,эйэ
эйэлээхтэргэ,эйэ
эйэм,эйэ
эйэни,эйэ
эйэтин,эйэ
эйэттэн,эйэ
эйэтэ,эйэ
эйэҕэ,эйэ
эккэ,эт
эппит,эт
эрбит,эр
эргэ,эр
эрдээх,эр
эрдээхтэргэ,эр
эри,эр
эрим,эр
эрин,эр
эртэн,эр
эрэ,эр
эрэттэр,эр
эрэттэрбит,эр
эрэттэрбитин,эр
эрэттэргэ,эр
эрэттэрдээх,эр
эрэттэрдээхxэ,эр
эрэттэри,эр
эрэттэрим,эр
эрэттэрин,эр
эрэттэртэн,эр
эрэттэрэ,эр
эти,эт
этиибит,этии
этиигэ,этии
этиилэр,этии
этиилэрбит,этии
этиилэрбитин,этии
этиилэргэ,этии
этиилэрдээх,этии
этиилэрдээхxэ,этии
этиилэри,этии
этиилэрим,этии
этиилэрин,этии
этиилэртэн,этии
этиилэрэ,этии
этиилээх,этии
этиилээхтэргэ,этии
этиим,этии
этиини,этии
этиитин,этии
этииттэн,этии
этиитэ,этии
этим,эт
этин,эт
эттэн,эт
эттэр,эт
эттэрбит,эт
эттэрбитин,эт
эттэргэ,эт
эттэрдээх,эт
эттэрдээхxэ,эт
эттэри,эт
эттэрим,эт
эттэрин,эт
эттэртэн,эт
эттэрэ,эт
эттээх,эт
эттээхтэргэ,эт
этэ,эт
үбэ,үп
үбү,үп
үбүм,үп
үбүн,үп
үлэбит,үлэ
үлэлэр,үлэ
үлэлэрбит,үлэ
үлэлэрбитин,үлэ
үлэлэргэ,үлэ
үлэлэрдээх,үлэ
үлэлэрдээхxэ,үлэ
үлэлэри,үлэ
үлэлэрим,үлэ
үлэлэрин,үлэ
үлэлэртэн,үлэ
үлэлэрэ,үлэ
үлэлээх,үлэ
үлэлээхтэргэ,үлэ
үлэм,үлэ
үлэни,үлэ
үлэтин,үлэ
үлэттэн,үлэ
үлэтэ,үлэ
үлэҕэ,үлэ
үлэһиккэ,үлэһит
үлэһиппит,үлэһит
үлэһити,үлэһит
үлэһитим,үлэһит
үлэһитин,үлэһит
үлэһиттэн,үлэһит
үлэһиттэр,үлэһит
үлэһиттэрбит,үлэһит
үлэһиттэрбитин,үлэһит
үлэһиттэргэ,үлэһит
үлэһиттэрдээх,үлэһит
үлэһиттэрдээхxэ,үлэһит
үлэһиттэри,үлэһит
үлэһиттэрим,үлэһит
үлэһиттэрин,үлэһит
үлэһиттэртэн,үлэһит
үлэһиттэрэ,үлэһит
үлэһиттээх,үлэһит
үлэһиттээхтэргэ,үлэһит
үлэһитэ,үлэһит
үпкэ,үп
үппэр,үп
үппэрбит,үп
үппэрбитин,үп
үппэргэ,үп
үппэрдээх,үп
үппэрдээхxэ,үп
үппэри,үп
үппэрим,үп
үппэрин,үп
үппэртэн,үп
үппэрэ,үп
үппүт,үп
үптэн,үп
үптээх,үп
үптээхтэргэ,үп
үскэ,үс
үспүт,үс
үстэн,үс
үстэр,үс
үстэрбит,үс
үстэрбитин,үс
үстэргэ,үс
үстэрдээх,үс
үстэрдээхxэ,үс
үстэри,үс
үстэрим,үс
үстэрин,үс
үстэртэн,үс
үстэрэ,үс
үстээх,үс
үстээхтэргэ,үс
үҥкүүбүт,үҥкүү
үҥкүүгэ,үҥкүү
үҥкүүлэр,үҥкүү
үҥкүүлэрбит,үҥкүү
үҥкүүлэрбитин,үҥкүү
үҥкүүлэргэ,үҥкүү
үҥкүүлэрдээх,үҥкүү
үҥкүүлэрдээхxэ,үҥкүү
үҥкүүлэри,үҥкүү
үҥкүүлэрим,үҥкүү
үҥкүүлэрин,үҥкүү
үҥкүүлэртэн,үҥкүү
үҥкүүлэрэ,үҥкүү
үҥкүүлээх,үҥкүү
үҥкүүлээхтэргэ,үҥкүү
үҥкүүм,үҥкүү
үҥкүүнү,үҥкүү
үҥкүүттэн,үҥкүү
үҥкүүтэ,үҥкүү
үҥкүүтүүн,үҥкүү
үүнээйибит,үүнээйи
үүнээйигэ,үүнээйи
үүнээйилэр,үүнээйи
үүнээйилэрбит,үүнээйи
үүнээйилэрбитин,үүнээйи
үүнээйилэргэ,үүнээйи
үүнээйилэрдээх,үүнээйи
үүнээйилэрдээхxэ,үүнээйи
үүнээйилэри,үүнээйи
үүнээйилэрим,үүнээйи
үүнээйилэрин,үүнээйи
үүнээйилэртэн,үүнээйи
үүнээйилэрэ,үүнээйи
үүнээйилээх,үүнээйи
үүнээйилээхтэргэ,үүнээйи
үүнээйим,үүнээйи
үүнээйини,үүнээйи
үүнээйитин,үүнээйи
үүнээйиттэн,үүнээйи
үүнээйитэ,үүнээйи
үһэ,үс
үһү,үс
үһүм,үс
үһүн,үс
үөрбүт,үөр
үөргэ,үөр
үөрдэр,үөр
үөрдэрбит,үөр
үөрдэрбитин,үөр
үөрдэргэ,үөр
үөрдэрдээх,үөр
үөрдэрдээхxэ,үөр
үөрдэри,үөр
үөрдэрим,үөр
үөрдэрин,үөр
үөрдэртэн,үөр
үөрдэрэ,үөр
үөрдээх,үөр
үөрдээхтэргэ,үөр
үөртэн,үөр
үөрэ,үөр
үөрэхxэ,үөрэх
үөрэхпит,үөрэх
үөрэхтэн,үөрэх
үөрэхтэр,үөрэх
үөрэхтэрбит,үөрэх
үөрэхтэрбитин,үөрэх
үөрэхтэргэ,үөрэх
үөрэхтэрдээх,үөрэх
үөрэхтэрдээхxэ,үөрэх
үөрэхтэри,үөрэх
үөрэхтэрим,үөрэх
үөрэхтэрин,үөрэх
үөрэхтэртэн,үөрэх
үөрэхтэрэ,үөрэх
үөрэхтээх,үөрэх
үөрэхтээхтэргэ,үөрэх
үөрэҕи,үөрэх
үөрэҕим,үөрэх
үөрэҕин,үөрэх
үөрэҕэ,үөрэх
үөрү,үөр
үөрүм,үөр
үөрүөн,үөр
үөскэ,үөс
үөспүт,үөс
үөстэн,үөс
үөстэр,үөс
үөстэрбит,үөс
үөстэрбитин,үөс
үөстэргэ,үөс
үөстэрдээх,үөс
үөстэрдээхxэ,үөс
үөстэри,үөс
үөстэрим,үөс
үөстэрин,үөс
үөстэртэн,үөс
үөстэрэ,үөс
үөстээх,үөс
үөстээхтэргэ,үөс
үөһэ,үөс
үөһү,үөс
үөһүм,үөс
үөһүөн,үөс
өйдөбүлбүт,өйдөбүл
өйдөбүлгэ,өйдөбүл
өйдөбүллэр,өйдөбүл
өйдөбүллэрбит,өйдөбүл
өйдөбүллэрбитин,өйдөбүл
өйдөбүллэргэ,өйдөбүл
өйдөбүллэрдээх,өйдөбүл
өйдөбүллэрдээхxэ,өйдөбүл
өйдөбүллэри,өйдөбүл
өйдөбүллэрим,өйдөбүл
өйдөбүллэрин,өйдөбүл
өйдөбүллэртэн,өйдөбүл
өйдөбүллэрэ,өйдөбүл
өйдөбүллээх,өйдөбүл
өйдөбүллээхтэргэ,өйдөбүл
өйдөбүлтэн,өйдөбүл
өйдөбүлэ,өйдөбүл
өйдөбүлү,өйдөбүл
өйдөбүлүм,өйдөбүл
өйдөбүлүн,өйдөбүл
өрүскэ,өрүс
өрүспүт,өрүс
өрүстэн,өрүс
өрүстэр,өрүс
өрүстэрбит,өрүс
өрүстэрбитин,өрүс
өрүстэргэ,өрүс
өрүстэрдээх,өрүс
өрүстэрдээхxэ,өрүс
өрүстэри,өрүс
өрүстэрим,өрүс
өрүстэрин,өрүс
өрүстэртэн,өрүс
өрүстэрэ,өрүс
өрүстээх,өрүс
өрүстээхтэргэ,өрүс
өрүһэ,өрүс
өрүһү,өрүс
өрүһүм,өрүс
өрүһүн,өрүс
өрөспүүбүлүкэбит,өрөспүүбүлүкэ
өрөспүүбүлүкэлэр,өрөспүүбүлүкэ
өрөспүүбүлүкэлэрбит,өрөспүүбүлүкэ
өрөспүүбүлүкэлэрбитин,өрөспүүбүлүкэ
өрөспүүбүлүкэлэргэ,өрөспүүбүлүкэ
өрөспүүбүлүкэлэрдээх,өрөспүүбүлүкэ
өрөспүүбүлүкэлэрдээхxэ,өрөспүүбүлүкэ
өрөспүүбүлүкэлэри,өрөспүүбүлүкэ
өрөспүүбүлүкэлэрим,өрөспүүбүлүкэ
өрөспүүбүлүкэлэрин,өрөспүүбүлүкэ
өрөспүүбүлүкэлэртэн,өрөспүүбүлүкэ
өрөспүүбүлүкэлэрэ,өрөспүүбүлүкэ
өрөспүүбүлүкэлээх,өрөспүүбүлүкэ
өрөспүүбүлүкэлээхтэргэ,өрөспүүбүлүкэ
өрөспүүбүлүкэм,өрөспүүбүлүкэ
өрөспүүбүлүкэни,өрөспүүбүлүкэ
өрөспүүбүлүкэтин,өрөспүүбүлүкэ
өрөспүүбүлүкэттэн,өрөспүүбүлүкэ
өрөспүүбүлүкэтэ,өрөспүүбүлүкэ
өрөспүүбүлүкэҕэ,өрөспүүбүлүкэ
өскө,өс
өспүт,өс
өстөн,өс
өстөр,өс
өстөрбүт,өс
өстөрбүтүн,өс
өстөргө,өс
өстөрдөөх,өс
өстөрдөөхxө,өс
өстөртөн,өс
өстөрү,өс
өстөрүм,өс
өстөрө,өс
өстөрөн,өс
өстөөх,өс
өстөөхтөргө,өс
өһү,өс
өһүм,өс
өһө,өс
өһөн,өс
тал,тал
тала,тал
талаайабыт,тал
талаайаҕыт,тал
талаайаллар,тал
талаар,тал
талаарай,тал
талаарый,тал
талаарыҥ,тал
талаарыҥытый,тал
талаарыҥытытый,тал
талаарыҥытытыый,тал
талаарыҥытыый,тал
талаарыый,тал
талааччы,тал
талааччыбыт,тал
талааччыгыт,тал
талааччылар,тал
талааччылара,тал
талааччым,тал
талааччыҥ,тал
талааччыта,тал
талабын,тал
талабыт,тал
талаҕыт,тал
талаллар,тал
талаллара,тал
талан,тал
талар,тал
талара,тал
таларбыт,тал
таларгыт,тал
талардаах,тал
талардаахпыт,тал
талардаахтар,тал
талардааххыт,тал
таларым,тал
таларыҥ,тал
талбакка,тал
талбаккыт,тал
талбаппыт,тал
талбат,тал
талбата,тал
талбата,тал
талбатаҕа,тал
талбатаҕым,тал
талбатаҕыҥ,тал
талбатаҕыта,тал
талбаталлар,тал
талбатар,тал
талбатарбыт,тал
талбатаргыт,тал
талбатах,тал
талбатахпыт,тал
талбатахпыта,тал
талбатахпытыта,тал
талбатахтааҕа,тал
талбатахтааҕым,тал
талбатахтааҕыҥ,тал
талбатахтаах,тал
талбатахтаах,тал
талбатахтаахпыт,тал
талбатахтаахпыт,тал
талбатахтаахтар,тал
талбатахтаахтар,тал
талбатахтаахтара,тал
талбатахтааххын,тал
талбатахтааххыт,тал
талбатахтааххыт,тал
талбатахтар,тал
талбатахтара,тал
талбатахтарыта,тал
талбатаххыт,тал
талбатаххыта,тал
талбатаххытыта,тал
талбаттар,тал
талбаттара,тал
талбатыбыт,тал
талбатыгыт,тал
талбатылар,тал
талбатым,тал
талбатыҥ,тал
талбыккын,тал
талбыккыт,тал
талбыппын,тал
талбыппыт,тал
талбыппыт,тал
талбыт,тал
талбыта,тал
талбыттааҕа,тал
талбыттааҕым,тал
талбыттааҕыҥ,тал
талбыттаах,тал
талбыттаах,тал
талбыттаахпын,тал
талбыттаахпыт,тал
талбыттаахтар,тал
талбыттаахтара,тал
талбыттааххыт,тал
талбыттааххыт,тал
талбыттар,тал
талбыттара,тал
талбытым,тал
талбытыҥ,тал
талла,тал
таллаҕа,тал
таллаҕым,тал
таллаҕыҥ,тал
таллаҕыта,тал
таллаллар,тал
таллар,тал
талларбыт,тал
талларгыт,тал
таллахпыт,тал
таллахпыта,тал
таллахпытыта,тал
таллахтара,тал
таллахтарыта,тал
таллаххыт,тал
таллаххыта,тал
таллаххытыта,тал
таллыбыт,тал
таллыгыт,тал
таллылар,тал
таллым,тал
таллыҥ,тал
талыа,тал
талыаҕа,тал
талыаҕай,тал
талыаҕым,тал
талыаҕыҥ,тал
талыам,тал
талыаҥ,тал
талыах,тал
талыахайыҥ,тал
талыахпыт,тал
талыахпытый,тал
талыахпытытый,тал
талыахтаах,тал
талыахтаахпыт,тал
талыахтаахтар,тал
талыахтааххыт,тал
талыахтар,тал
талыахтара,тал
талыахтарай,тал
талыаххыный,тал
талыаххыт,тал
талыаххытый,тал
талыма,тал
талымаайабыт,тал
талымаайаҕыт,тал
талымаайаллар,тал
талымаарай,тал
талымаар,тал
талымаарый,тал
талымаарыҥ,тал
талымаарыҥытый,тал
талымаарыҥытытый,тал
талымаарыҥытытыый,тал
талымаарыый,тал
талымаҥ,тал
талымыаҕыҥ,тал
талымыах,тал
талымыахпытый,тал
талымыахтарай,тал
талымыаххытыный,тал
талымыым,тал
талымыыһыбыт,тал
талымыыһыгыт,тал
талымыыһылар,тал
талыҥ,тал
талыым,тал
талыыһы,тал
талыыһыбыт,тал
талыыһыгыт,тал
талыыһылар,тал
тап,тап
таба,тап
табаайабыт,тап
табаайаҕыт,тап
табаайаллар,тап
табаар,тап
табаарай,тап
табаарый,тап
табаарыҥ,тап
табаарыҥытый,тап
табаарыҥытытый,тап
табаарыҥытытыый,тап
табаарыҥытыый,тап
табаарыый,тап
табааччы,тап
табааччыбыт,тап
табааччыгыт,тап
табааччылар,тап
табааччылара,тап
табааччым,тап
табааччыҥ,тап
табааччыта,тап
табабын,тап
табабыт,тап
табаҕыт,тап
табаллар,тап
табаллара,тап
табан,тап
табар,тап
табара,тап
табарбыт,тап
табаргыт,тап
табардаах,тап
табардаахпыт,тап
табардаахтар,тап
табардааххыт,тап
табарым,тап
табарыҥ,тап
таппакка,тап
таппаккыт,тап
таппаппыт,тап
таппат,тап
таппата,тап
таппата,тап
таппатаҕа,тап
таппатаҕым,тап
таппатаҕыҥ,тап
таппатаҕыта,тап
таппаталлар,тап
таппатар,тап
таппатарбыт,тап
таппатаргыт,тап
таппатах,тап
таппатахпыт,тап
таппатахпыта,тап
таппатахпытыта,тап
таппатахтааҕа,тап
таппатахтааҕым,тап
таппатахтааҕыҥ,тап
таппатахтаах,тап
таппатахтаах,тап
таппатахтаахпыт,тап
таппатахтаахпыт,тап
таппатахтаахтар,тап
таппатахтаахтар,тап
таппатахтаахтара,тап
таппатахтааххын,тап
таппатахтааххыт,тап
таппатахтааххыт,тап
таппатахтар,тап
таппатахтара,тап
таппатахтарыта,тап
таппатаххыт,тап
таппатаххыта,тап
таппатаххытыта,тап
таппаттар,тап
таппаттара,тап
таппатыбыт,тап
таппатыгыт,тап
таппатылар,тап
таппатым,тап
таппатыҥ,тап
таппыккын,тап
таппыккыт,тап
таппыппын,тап
таппыппыт,тап
таппыппыт,тап
таппыт,тап
таппыта,тап
таппыттааҕа,тап
таппыттааҕым,тап
таппыттааҕыҥ,тап
таппыттаах,тап
таппыттаах,тап
таппыттаахпын,тап
таппыттаахпыт,тап
таппыттаахтар,тап
таппыттаахтара,тап
таппыттааххыт,тап
таппыттааххыт,тап
таппыттар,тап
таппыттара,тап
таппытым,тап
таппытыҥ,тап
тапта,тап
таптаҕа,тап
таптаҕым,тап
таптаҕыҥ,тап
таптаҕыта,тап
тапталлар,тап
таптар,тап
таптарбыт,тап
таптаргыт,тап
таптахпыт,тап
таптахпыта,тап
таптахпытыта,тап
таптахтара,тап
таптахтарыта,тап
таптаххыт,тап
таптаххыта,тап
таптаххытыта,тап
таптыбыт,тап
таптыгыт,тап
таптылар,тап
таптым,тап
таптыҥ,тап
табыа,тап
табыаҕа,тап
табыаҕай,тап
табыаҕым,тап
табыаҕыҥ,тап
табыам,тап
табыаҥ,тап
табыах,тап
табыахайыҥ,тап
табыахпыт,тап
табыахпытый,тап
табыахпытытый,тап
табыахтаах,тап
табыахтаахпыт,тап
табыахтаахтар,тап
табыахтааххыт,тап
табыахтар,тап
табыахтара,тап
табыахтарай,тап
табыаххыный,тап
табыаххыт,тап
табыаххытый,тап
табыма,тап
табымаайабыт,тап
табымаайаҕыт,тап
табымаайаллар,тап
табымаарай,тап
табымаар,тап
табымаарый,тап
табымаарыҥ,тап
табымаарыҥытый,тап
табымаарыҥытытый,тап
табымаарыҥытытыый,тап
табымаарыый,тап
табымаҥ,тап
табымыаҕыҥ,тап
табымыах,тап
табымыахпытый,тап
табымыахтарай,тап
табымыаххытыный,тап
табымыым,тап
табымыыһыбыт,тап
табымыыһыгыт,тап
табымыыһылар,тап
табыҥ,тап
табыым,тап
табыыһы,тап
табыыһыбыт,тап
табыыһыгыт,тап
табыыһылар,тап
бул,бул
була,бул
булаайабыт,бул
булаайаҕыт,бул
булаайаллар,бул
булаар,бул
булаарай,бул
булаарый,бул
булаарыҥ,бул
булаарыҥытый,бул
булаарыҥытытый,бул
булаарыҥытытыый,бул
булаарыҥытыый,бул
булаарыый,бул
булааччы,бул
булааччыбыт,бул
булааччыгыт,бул
булааччылар,бул
булааччылара,бул
булааччым,бул
булааччыҥ,бул
булааччыта,бул
булабын,бул
булабыт,бул
булаҕыт,бул
булаллар,бул
булаллара,бул
булан,бул
булар,бул
булара,бул
буларбыт,бул
буларгыт,бул
булардаах,бул
булардаахпыт,бул
булардаахтар,бул
булардааххыт,бул
буларым,бул
буларыҥ,бул
булбакка,бул
булбаккыт,бул
булбаппыт,бул
булбат,бул
булбата,бул
булбата,бул
булбатаҕа,бул
булбатаҕым,бул
булбатаҕыҥ,бул
булбатаҕыта,бул
булбаталлар,бул
булбатар,бул
булбатарбыт,бул
булбатаргыт,бул
булбатах,бул
булбатахпыт,бул
булбатахпыта,бул
булбатахпытыта,бул
булбатахтааҕа,бул
булбатахтааҕым,бул
булбатахтааҕыҥ,бул
булбатахтаах,бул
булбатахтаах,бул
булбатахтаахпыт,бул
булбатахтаахпыт,бул
булбатахтаахтар,бул
булбатахтаахтар,бул
булбатахтаахтара,бул
булбатахтааххын,бул
булбатахтааххыт,бул
булбатахтааххыт,бул
булбатахтар,бул
булбатахтара,бул
булбатахтарыта,бул
булбатаххыт,бул
булбатаххыта,бул
булбатаххытыта,бул
булбаттар,бул
булбаттара,бул
булбатыбыт,бул
булбатыгыт,бул
булбатылар,бул
булбатым,бул
булбатыҥ,бул
булбуккун,бул
булбуккут,бул
булбуппун,бул
булбуппут,бул
булбуппут,бул
булбут,бул
булбута,бул
булбуттааҕа,бул
булбуттааҕым,бул
булбуттааҕыҥ,бул
булбуттаах,бул
булбуттаах,бул
булбуттаахпын,бул
булбуттаахпыт,бул
булбуттаахтар,бул
булбуттаахтара,бул
булбуттааххыт,бул
булбуттааххыт,бул
булбуттар,бул
булбуттара,бул
булбутум,бул
булбутуҥ,бул
булла,бул
буллаҕа,бул
буллаҕым,бул
буллаҕыҥ,бул
буллаҕыта,бул
буллаллар,бул
буллар,бул
булларбыт,бул
булларгыт,бул
буллахпыт,бул
буллахпыта,бул
буллахпытыта,бул
буллахтара,бул
буллахтарыта,бул
буллаххыт,бул
буллаххыта,бул
буллаххытыта,бул
буллубут,бул
буллугут,бул
буллулар,бул
буллум,бул
буллуҥ,бул
булуо,бул
булуоҕа,бул
булуоҕай,бул
булуоҕум,бул
булуоҕуҥ,бул
булуом,бул
булуоҥ,бул
булуох,бул
булуохайыҥ,бул
булуохпут,бул
булуохпутуй,бул
булуохпутутуй,бул
булуохтаах,бул
булуохтаахпыт,бул
булуохтаахтар,бул
булуохтааххыт,бул
булуохтар,бул
булуохтара,бул
булуохтарай,бул
булуоххунуй,бул
булуоххут,бул
булуоххутуй,бул
булума,бул
булумаайабыт,бул
булумаайаҕыт,бул
булумаайаллар,бул
булумаарай,бул
булумаар,бул
булумаарый,бул
булумаарыҥ,бул
булумаарыҥытый,бул
булумаарыҥытытый,бул
булумаарыҥытытыый,бул
булумаарыый,бул
булумаҥ,бул
булумуоҕуҥ,бул
булумуох,бул
булумуохпытый,бул
булумуохтарай,бул
булумуоххытыный,бул
булумуум,бул
булумууһубут,бул
булумууһугут,бул
булумууһулар,бул
булуҥ,бул
булуум,бул
булууһу,бул
булууһубут,бул
булууһугут,бул
булууһулар,бул
